,prev,next,label
0,"## 주문 히스토리
2023-06-26 02:07:33의 주문 내역 [동시구매]: 기타무침반찬 - [브랜드데이] 밥에 비벼 먹는 윤영근 착한 ""곤드레"" 1팩/1+1팩/4팩 골라담기 밥에 비벼 먹는 곤드레 1봉(80g), 기타무침반찬 - [브랜드데이] 밥에 비벼 먹는 윤영근 착한 ""취나물"" 1팩/1+1팩/4팩 골라담기 밥에 비벼 먹는 취나물 1봉(80g), 기타무침반찬 - [브랜드데이] 밥에 비벼 먹는 윤영근 착한 ""유채나물"" 1팩/1+1팩/4팩 골라담기 밥에 비벼 먹는 유채나물 1봉(80g), 
2023-06-02 03:26:37의 주문 내역: 구운계란/훈제란 - [기획전특가] 촉촉한 짜지않아서 맛있는 반숙란(대란) 20구/30구  30구,1판, 
2023-05-10 05:57:12의 주문 내역: 당근 - [더블딜] 100% 국내산 23년 햇 흙당근(중/특상) 500g+500g (1kg 한 번에 배송) 외 [더블딜] 중 500g+500g (총 1kg), ","## 다음 구매 상품 예측
기타무침반찬 - [브랜드데이] 밥에 비벼 먹는 윤영근 착한 ""시래기"" 1팩/1+1팩/4팩 골라담기 밥에 비벼 먹는 시래기 1봉(80g)",1
1,"## 주문 히스토리
2023-06-26 02:07:33의 주문 내역 [동시구매]: 기타무침반찬 - [브랜드데이] 밥에 비벼 먹는 윤영근 착한 ""곤드레"" 1팩/1+1팩/4팩 골라담기 밥에 비벼 먹는 곤드레 1봉(80g), 기타무침반찬 - [브랜드데이] 밥에 비벼 먹는 윤영근 착한 ""취나물"" 1팩/1+1팩/4팩 골라담기 밥에 비벼 먹는 취나물 1봉(80g), 기타무침반찬 - [브랜드데이] 밥에 비벼 먹는 윤영근 착한 ""유채나물"" 1팩/1+1팩/4팩 골라담기 밥에 비벼 먹는 유채나물 1봉(80g), 
2023-06-02 03:26:37의 주문 내역: 구운계란/훈제란 - [기획전특가] 촉촉한 짜지않아서 맛있는 반숙란(대란) 20구/30구  30구,1판, 
2023-05-10 05:57:12의 주문 내역: 당근 - [더블딜] 100% 국내산 23년 햇 흙당근(중/특상) 500g+500g (1kg 한 번에 배송) 외 [더블딜] 중 500g+500g (총 1kg), ","## 다음 구매 상품 예측
즉석국 - 전공정 HACCP 인증 국내산 재료로 오래도록 우려낸 정다운 삼계탕(900g) 2봉 외 정다운삼계탕 900g 2봉",0
2,"## 주문 히스토리
2023-06-21 00:39:37의 주문 내역: 골드키위 - [더블딜] 비타민C 가득! 상큼달달 제스프리 골드키위 특대(140g) 3+3입 외 골드키위 특대과(140g) 3+3입, 
2023-05-02 23:29:15의 주문 내역: 구운계란/훈제란 - 쫄깃 탱글탱글 신선함이 가득한 해썹 구운계란 30구 외 30구,1개, 
2023-04-25 01:40:46의 주문 내역 [동시구매]: 베이킹소다 - 베이킹소다 1kg, 과일 채소 다용도 다목적 세척 청소, 일반 섬유유연제 - 퍼퓸 섬유유연제 2L, 베이비파우더향, 액상세제 - 베이킹소다 액체세제 2L, 식물유래성분 중성세제, 세탁조세정제 - 세탁조클리너 600g x 2개입, 일반/드럼겸용 총 8회분, ","## 다음 구매 상품 예측
구운계란/훈제란 - 촉촉한 짜지않아서 맛있는 반숙란(대란) 20구/30구  30구,1판",1
3,"## 주문 히스토리
2023-06-21 00:39:37의 주문 내역: 골드키위 - [더블딜] 비타민C 가득! 상큼달달 제스프리 골드키위 특대(140g) 3+3입 외 골드키위 특대과(140g) 3+3입, 
2023-05-02 23:29:15의 주문 내역: 구운계란/훈제란 - 쫄깃 탱글탱글 신선함이 가득한 해썹 구운계란 30구 외 30구,1개, 
2023-04-25 01:40:46의 주문 내역 [동시구매]: 베이킹소다 - 베이킹소다 1kg, 과일 채소 다용도 다목적 세척 청소, 일반 섬유유연제 - 퍼퓸 섬유유연제 2L, 베이비파우더향, 액상세제 - 베이킹소다 액체세제 2L, 식물유래성분 중성세제, 세탁조세정제 - 세탁조클리너 600g x 2개입, 일반/드럼겸용 총 8회분, ","## 다음 구매 상품 예측
유아물티슈 - [브랜드데이] 베베앙 시그니처 플러스 아기물티슈 캡형 100매 10팩",0
4,"## 주문 히스토리
2023-04-20 14:50:20의 주문 내역: 에센스/세럼 - [더블딜] 잡티개선 비타민 세럼 20ml 1+1+1, ","## 다음 구매 상품 예측
스킨/토너 패드 - [더블딜]바하 필링 토너패드 70매 2+1",1
5,"## 주문 히스토리
2023-04-20 14:50:20의 주문 내역: 에센스/세럼 - [더블딜] 잡티개선 비타민 세럼 20ml 1+1+1, ","## 다음 구매 상품 예측
장아찌 - 고기와 찰떡궁합인 향긋한 명이나물 250g 10회분 외 250g",0
6,"## 주문 히스토리
2023-05-29 15:50:27의 주문 내역 [동시구매]: 도시락류 - 다즐샵 간편식 냉동도시락 일품도시락 10종 10팩, 핫도그 - [네이처그램] 닭가슴살 크리스피 핫도그(치즈/어니언) 2종 80g x 10개 크리스피 핫도그 80g x 10개, 
2023-05-29 15:46:51의 주문 내역: 국산생수 - 청정한 천연 미네랄 크리스탈 생수 2L 6회분 2L x 6병,(2팩), 
2023-05-12 02:38:23의 주문 내역 [동시구매]: 데이크림 - [뷰티특가]블레미쉬 진정 수딩크림 100ml, 네일팁/인조손톱 - [뷰티특가] 젤리핏 트랜디 컬러 네일팁 23종 네온핑크, 네일팁/인조손톱 - [뷰티특가] 젤리핏 트랜디 컬러 네일팁 23종 블랙, 네일팁/인조손톱 - [뷰티특가] 젤리핏 트랜디 컬러 네일팁 23종 블루그린, 네일팁/인조손톱 - [뷰티특가] 젤리핏 트랜디 컬러 네일팁 23종 스카이블루, 네일팁/인조손톱 - [뷰티특가] 젤리핏 트랜디 컬러 네일팁 23종 파스텔퍼플, 선블록/선크림/선로션 - 끈적임 없는 수분진정 선크림 50ml, ","## 다음 구매 상품 예측
롤키친타올 - [골라담기] 천연펄프 키친타올 120매 4롤",1
7,"## 주문 히스토리
2023-05-29 15:50:27의 주문 내역 [동시구매]: 도시락류 - 다즐샵 간편식 냉동도시락 일품도시락 10종 10팩, 핫도그 - [네이처그램] 닭가슴살 크리스피 핫도그(치즈/어니언) 2종 80g x 10개 크리스피 핫도그 80g x 10개, 
2023-05-29 15:46:51의 주문 내역: 국산생수 - 청정한 천연 미네랄 크리스탈 생수 2L 6회분 2L x 6병,(2팩), 
2023-05-12 02:38:23의 주문 내역 [동시구매]: 데이크림 - [뷰티특가]블레미쉬 진정 수딩크림 100ml, 네일팁/인조손톱 - [뷰티특가] 젤리핏 트랜디 컬러 네일팁 23종 네온핑크, 네일팁/인조손톱 - [뷰티특가] 젤리핏 트랜디 컬러 네일팁 23종 블랙, 네일팁/인조손톱 - [뷰티특가] 젤리핏 트랜디 컬러 네일팁 23종 블루그린, 네일팁/인조손톱 - [뷰티특가] 젤리핏 트랜디 컬러 네일팁 23종 스카이블루, 네일팁/인조손톱 - [뷰티특가] 젤리핏 트랜디 컬러 네일팁 23종 파스텔퍼플, 선블록/선크림/선로션 - 끈적임 없는 수분진정 선크림 50ml, ","## 다음 구매 상품 예측
조리도구걸이 - 회전형 조리도구 랙 (색상랜덤)",0
8,"## 주문 히스토리
2023-07-17 03:05:19의 주문 내역 [동시구매]: 시트 마스크/팩 - [뷰티페스타] 수분 영양 히알루론산 마스크 30매, 데이크림 - [뷰티페스타] 잡티케어 비타민 크림 50g, 데이크림 - [뷰티페스타] 미백 주름개선 스네일 크림 50g 1+1 한정특가, 앰플 - [뷰티페스타] 미백 주름개선 스네일 앰플 50ml 1+1 한정특가, 바디미스트 - [뷰티페스타] 피부진정 트러블 클리어 바디미스트 150ml, 스킨/토너/화장수 - [뷰티페스타] 피부진정 병풀 시카 토너 180ml, 츄잉젤리 - 달콤하고 쫀득한 수입 망고맛젤리 300g 망고맛젤리 2팩(300g*2개), 클렌징 젤 - [뷰티페스타] 펀딩 351% 달성! 리얼 한라봉 주스 클렌징 젤 200ml, 스킨/토너 패드 - [뷰티페스타] 바하 필링 토너패드 70매 (1인 3개 구매제한), 핸드워시 - [뷰티페스타] 소프트 버블 핸드워시 500ml, 일반주방세제 - [골라담기] 오염 물질 제거에 탁월한 반짝 주방세제 480ml, 1종세제, 유아식기, 과일세척 , 베이킹소다 - [골라담기] 세정부터 탈취까지! 다용도 베이킹소다 1kg, ","## 다음 구매 상품 예측
차량용디퓨저 - [뷰티페스타] 쿤달 클래식 무드 딥퍼퓸 차량용 방향제 클립형 다크그레이 (디바이스1ea + 리필2ea) 오션썸머나잇",1
9,"## 주문 히스토리
2023-07-17 03:05:19의 주문 내역 [동시구매]: 시트 마스크/팩 - [뷰티페스타] 수분 영양 히알루론산 마스크 30매, 데이크림 - [뷰티페스타] 잡티케어 비타민 크림 50g, 데이크림 - [뷰티페스타] 미백 주름개선 스네일 크림 50g 1+1 한정특가, 앰플 - [뷰티페스타] 미백 주름개선 스네일 앰플 50ml 1+1 한정특가, 바디미스트 - [뷰티페스타] 피부진정 트러블 클리어 바디미스트 150ml, 스킨/토너/화장수 - [뷰티페스타] 피부진정 병풀 시카 토너 180ml, 츄잉젤리 - 달콤하고 쫀득한 수입 망고맛젤리 300g 망고맛젤리 2팩(300g*2개), 클렌징 젤 - [뷰티페스타] 펀딩 351% 달성! 리얼 한라봉 주스 클렌징 젤 200ml, 스킨/토너 패드 - [뷰티페스타] 바하 필링 토너패드 70매 (1인 3개 구매제한), 핸드워시 - [뷰티페스타] 소프트 버블 핸드워시 500ml, 일반주방세제 - [골라담기] 오염 물질 제거에 탁월한 반짝 주방세제 480ml, 1종세제, 유아식기, 과일세척 , 베이킹소다 - [골라담기] 세정부터 탈취까지! 다용도 베이킹소다 1kg, ","## 다음 구매 상품 예측
갓김치 - [더블딜]매콤한 100% 국내산으로 만든 전라도 갓김치 1KG+1KG 여수 돌산 갓김치 1KG+1KG",0
10,"## 주문 히스토리
2023-07-17 07:10:24의 주문 내역: 곱창/대창/막창 - 곱이 꽉 차 담백하고 고소한 소곱창 180g+180g 외 한정수량! 소대창 200g+200g (소스포함), 
2023-07-08 05:29:57의 주문 내역 [동시구매]: 기타건어물 - 5+1 질기지 않고 땡기는 마성의 맛! 허니버터 꽃순이오징어 40g+40g 맥반석 오징어채 40g+40g, 기타건어물 - 5+1 질기지 않고 땡기는 마성의 맛! 허니버터 꽃순이오징어 40g+40g 국내가공 페스츄리오징어 40g+40g, 기타건어물 - 5+1 질기지 않고 땡기는 마성의 맛! 허니버터 꽃순이오징어 40g+40g 버터구이 오징어포 40g+40g, 기타건어물 - 5+1 질기지 않고 땡기는 마성의 맛! 허니버터 꽃순이오징어 40g+40g 숏다리의 역습 40g+40g, 기타건어물 - 5+1 질기지 않고 땡기는 마성의 맛! 허니버터 꽃순이오징어 40g+40g 누드 꽃오징어 40g+40g, 
2023-07-08 05:21:58의 주문 내역: 메론 - 고당도 머스크 멜론 1.5kg 3kg 5kg 7kg 내외 머스크 멜론 7kg 내외 (5-6과), 
2023-07-07 06:38:49의 주문 내역: 메론 - 고당도 머스크 멜론 1.5kg 3kg 5kg 7kg 내외 머스크 멜론 7kg 내외 (5-6과), ","## 다음 구매 상품 예측
국물떡볶이 - 구로맛집! 15년 전통 다미랑 떡볶이+어묵 340g (푸짐한 1인분/떡&맵기 선택) 외 다미랑 떡볶이(밀떡180+어묵50g+소스110g/오리지널) 340g",1
11,"## 주문 히스토리
2023-07-17 07:10:24의 주문 내역: 곱창/대창/막창 - 곱이 꽉 차 담백하고 고소한 소곱창 180g+180g 외 한정수량! 소대창 200g+200g (소스포함), 
2023-07-08 05:29:57의 주문 내역 [동시구매]: 기타건어물 - 5+1 질기지 않고 땡기는 마성의 맛! 허니버터 꽃순이오징어 40g+40g 맥반석 오징어채 40g+40g, 기타건어물 - 5+1 질기지 않고 땡기는 마성의 맛! 허니버터 꽃순이오징어 40g+40g 국내가공 페스츄리오징어 40g+40g, 기타건어물 - 5+1 질기지 않고 땡기는 마성의 맛! 허니버터 꽃순이오징어 40g+40g 버터구이 오징어포 40g+40g, 기타건어물 - 5+1 질기지 않고 땡기는 마성의 맛! 허니버터 꽃순이오징어 40g+40g 숏다리의 역습 40g+40g, 기타건어물 - 5+1 질기지 않고 땡기는 마성의 맛! 허니버터 꽃순이오징어 40g+40g 누드 꽃오징어 40g+40g, 
2023-07-08 05:21:58의 주문 내역: 메론 - 고당도 머스크 멜론 1.5kg 3kg 5kg 7kg 내외 머스크 멜론 7kg 내외 (5-6과), 
2023-07-07 06:38:49의 주문 내역: 메론 - 고당도 머스크 멜론 1.5kg 3kg 5kg 7kg 내외 머스크 멜론 7kg 내외 (5-6과), ","## 다음 구매 상품 예측
우럭 - 흰살생선 반건조 손질 우럭 230g이상 230g이상 1팩",0
12,"## 주문 히스토리
2023-05-16 02:06:08의 주문 내역: 간편닭가슴살 - [더블딜] 네이처그램 치큐 스팀 닭가슴살(허브/훈제) 2종 100g 5팩+5팩 외 치큐 닭가슴살 훈제 100g 5팩+5팩, 
2023-05-03 11:02:03의 주문 내역: 유아물티슈 - [더블딜] 베베앙 오리지널 플러스 아기물티슈 캡형 100매 5팩+5팩, 
2023-05-02 13:30:56의 주문 내역: 누룽지 - 부담없는 아침식사로 제격! 지퍼백을 사용해서 먹기 좋은 100% 우리쌀 국산 누룽지 500g x 2개 약 10~12인분 우리쌀 국산 누룽지 500gx3, 
2023-04-29 14:58:57의 주문 내역 [동시구매]: 도시락김 - 입안에 풍미가 가득한 두번 구워서 바삭한 도시락김 4g*16봉 , 핸드크림 - 끈적임 없이 산뜻한 모이스처 핸드크림 50ml, 구강청결제 - 데일리 가글 쿨민트 800ml, 냉장고 탈취제 - 건강한 3중 냉장고탈취제 대용량 300g, 김자반 - 오독 바삭 짭잘 국산 돌김으로만 볶은 명품 김자반 50g 3회분, 작두콩차 - 진하다 못해 너무 고소한 100% 국산 작두콩으로 만든 작두콩티백차 50g 50회분, 누룽지 - 부담없는 아침식사로 제격! 지퍼백을 사용해서 먹기 좋은 100% 우리쌀 국산 누룽지 500g 약 5~6인분, ","## 다음 구매 상품 예측
욕실화 - [더블딜] 뽀송이 발매트 1+1 외 생활잡화 16종 뽀송이 발매트 1+1",1
13,"## 주문 히스토리
2023-05-16 02:06:08의 주문 내역: 간편닭가슴살 - [더블딜] 네이처그램 치큐 스팀 닭가슴살(허브/훈제) 2종 100g 5팩+5팩 외 치큐 닭가슴살 훈제 100g 5팩+5팩, 
2023-05-03 11:02:03의 주문 내역: 유아물티슈 - [더블딜] 베베앙 오리지널 플러스 아기물티슈 캡형 100매 5팩+5팩, 
2023-05-02 13:30:56의 주문 내역: 누룽지 - 부담없는 아침식사로 제격! 지퍼백을 사용해서 먹기 좋은 100% 우리쌀 국산 누룽지 500g x 2개 약 10~12인분 우리쌀 국산 누룽지 500gx3, 
2023-04-29 14:58:57의 주문 내역 [동시구매]: 도시락김 - 입안에 풍미가 가득한 두번 구워서 바삭한 도시락김 4g*16봉 , 핸드크림 - 끈적임 없이 산뜻한 모이스처 핸드크림 50ml, 구강청결제 - 데일리 가글 쿨민트 800ml, 냉장고 탈취제 - 건강한 3중 냉장고탈취제 대용량 300g, 김자반 - 오독 바삭 짭잘 국산 돌김으로만 볶은 명품 김자반 50g 3회분, 작두콩차 - 진하다 못해 너무 고소한 100% 국산 작두콩으로 만든 작두콩티백차 50g 50회분, 누룽지 - 부담없는 아침식사로 제격! 지퍼백을 사용해서 먹기 좋은 100% 우리쌀 국산 누룽지 500g 약 5~6인분, ","## 다음 구매 상품 예측
목살 - [한판하이소] 구이용 벌집 목살 500g 외 [한판하이소] 구이용 벌집 목살 1kg",0
14,"## 주문 히스토리
2023-05-06 06:30:46의 주문 내역 [동시구매]: 시트 섬유유연제 - 건조기 드라이시트 40매, 도시락김 - 입안에 풍미가 가득한 두번 구워서 바삭한 도시락김 4g*16봉 , 
2023-05-01 04:33:25의 주문 내역: 참외 - [더블딜] 당일수확! 산지직송! 달콤 아삭 성주 꿀참외 1kg+1kg 외 가정용+못난이 혼합 랜덤 2kg, 
2023-04-28 09:44:24의 주문 내역: 밤 - [더블딜]단맛최고 먹기편한 칼집 약단밤 1kg 2회분 외 칼집약단밤 1kg, 
2023-04-28 09:43:29의 주문 내역: 핫도그 - [더블딜]캐처스 오리지널 핫도그300g+300g 외 [더블딜]캐처스 오리지널 핫도그300g+300g, ","## 다음 구매 상품 예측
유아물티슈 - [베베앙] 오리지널 플러스 아기물티슈 캡형 100매 10팩",1
15,"## 주문 히스토리
2023-05-06 06:30:46의 주문 내역 [동시구매]: 시트 섬유유연제 - 건조기 드라이시트 40매, 도시락김 - 입안에 풍미가 가득한 두번 구워서 바삭한 도시락김 4g*16봉 , 
2023-05-01 04:33:25의 주문 내역: 참외 - [더블딜] 당일수확! 산지직송! 달콤 아삭 성주 꿀참외 1kg+1kg 외 가정용+못난이 혼합 랜덤 2kg, 
2023-04-28 09:44:24의 주문 내역: 밤 - [더블딜]단맛최고 먹기편한 칼집 약단밤 1kg 2회분 외 칼집약단밤 1kg, 
2023-04-28 09:43:29의 주문 내역: 핫도그 - [더블딜]캐처스 오리지널 핫도그300g+300g 외 [더블딜]캐처스 오리지널 핫도그300g+300g, ","## 다음 구매 상품 예측
필링 크림 - [골라담기] 리얼 아쿠아 모이스처 수분크림 50g",0
16,"## 주문 히스토리
2023-05-07 16:54:59의 주문 내역 [동시구매]: 고무장갑 - 고무장갑 그레이 중형 (1매), 작두콩차 - 진하다 못해 너무 고소한 100% 국산 작두콩으로 만든 작두콩차 100g 100회분, 메밀차 - 스키니퓨리티 슈링티 (30T), 김자반 - [식품특가] 국산 돌김으로만 볶은 명품 김자반 50g, 때수건/샤워타월 - 파스텔 투톤 버블 샤워볼 4개, 아이브로우 오토펜슬 - 오토 아이브로우 펜슬 흑색, 아이브로우 오토펜슬 - 오토 아이브로우 펜슬 흑갈색, ","## 다음 구매 상품 예측
등심덧살 - 신선하고 쫄깃한 한돈 냉장 뒷고기 300g*1팩 (1인분) 외 한돈 냉장 뒷고기 300g 1팩",1
17,"## 주문 히스토리
2023-05-07 16:54:59의 주문 내역 [동시구매]: 고무장갑 - 고무장갑 그레이 중형 (1매), 작두콩차 - 진하다 못해 너무 고소한 100% 국산 작두콩으로 만든 작두콩차 100g 100회분, 메밀차 - 스키니퓨리티 슈링티 (30T), 김자반 - [식품특가] 국산 돌김으로만 볶은 명품 김자반 50g, 때수건/샤워타월 - 파스텔 투톤 버블 샤워볼 4개, 아이브로우 오토펜슬 - 오토 아이브로우 펜슬 흑색, 아이브로우 오토펜슬 - 오토 아이브로우 펜슬 흑갈색, ","## 다음 구매 상품 예측
갈치 - 제주 순살손질 갈치 150g*4팩 외 제주 갈치살 150g*4팩",0
18,"## 주문 히스토리
2023-06-06 23:00:39의 주문 내역: 0원추첨팀구매 - [3인팀추첨] 신세계 백화점 상품권 10만원 (6월 12일 마감), 
2023-06-06 06:42:32의 주문 내역: 0원추첨팀구매 - [3인팀추첨] 신세계 백화점 상품권 10만원 (6월 12일 마감), 
2023-05-11 23:52:05의 주문 내역 [동시구매]: 데이크림 - [뷰티특가]블레미쉬 진정 수딩크림 100ml, 알로에/수딩/애프터선 - 순도 99% 알로에베라 수딩젤 400ml, 선블록/선크림/선로션 - 끈적임 없는 수분진정 선크림 50ml, 
2023-04-20 03:23:38의 주문 내역 [동시구매]: 고무장갑 - 고무장갑 그레이 중형 (1매), 에센스/세럼 - [더블딜] 잡티개선 비타민 세럼 20ml 1+1+1, ","## 다음 구매 상품 예측
스킨/토너 패드 - [뷰티페스타] 바하 필링 토너패드 70매 (1인 3개 구매제한)",1
19,"## 주문 히스토리
2023-06-06 23:00:39의 주문 내역: 0원추첨팀구매 - [3인팀추첨] 신세계 백화점 상품권 10만원 (6월 12일 마감), 
2023-06-06 06:42:32의 주문 내역: 0원추첨팀구매 - [3인팀추첨] 신세계 백화점 상품권 10만원 (6월 12일 마감), 
2023-05-11 23:52:05의 주문 내역 [동시구매]: 데이크림 - [뷰티특가]블레미쉬 진정 수딩크림 100ml, 알로에/수딩/애프터선 - 순도 99% 알로에베라 수딩젤 400ml, 선블록/선크림/선로션 - 끈적임 없는 수분진정 선크림 50ml, 
2023-04-20 03:23:38의 주문 내역 [동시구매]: 고무장갑 - 고무장갑 그레이 중형 (1매), 에센스/세럼 - [더블딜] 잡티개선 비타민 세럼 20ml 1+1+1, ","## 다음 구매 상품 예측
유아 보습세트 - 프롬맘 초단백 베이비 크림",0
20,"## 주문 히스토리
2023-04-24 11:56:30의 주문 내역 [동시구매]: 일반아몬드 - [오늘의특가] 캘리포니아산 넌페럴 EXTRA NO.1 구운 아몬드 150g 외 구운 아몬드500g, 찹쌀떡 - 직접 끓여 만든 저당 통팥 앙금속! 굳지 않는 2색 바람떡 1kg (5회분) 외 2색 꿀떡,1kg, ","## 다음 구매 상품 예측
선스틱 - 번들거림 없는 간편 선스틱 20g",1
21,"## 주문 히스토리
2023-04-24 11:56:30의 주문 내역 [동시구매]: 일반아몬드 - [오늘의특가] 캘리포니아산 넌페럴 EXTRA NO.1 구운 아몬드 150g 외 구운 아몬드500g, 찹쌀떡 - 직접 끓여 만든 저당 통팥 앙금속! 굳지 않는 2색 바람떡 1kg (5회분) 외 2색 꿀떡,1kg, ","## 다음 구매 상품 예측
배수구 용품 - 화약용품 없이 뻥뻥 뚫리는 배수구 청소줄 (색상랜덤)",0
22,"## 주문 히스토리
2023-06-27 02:31:12의 주문 내역: 등심덧살 - [더블딜] 한돈 뒷고기 150g+150g (총 300g 한 번에 발송) [4+1 이벤트!] 한돈 냉장 뒷고기 300g 4팩+1팩 추가증정 (총 1.5kg), 
2023-06-27 01:54:10의 주문 내역: 떠먹는 요구르트 - 30시간 짜내어 만든 정통 방식의 수제 그릭 요거트 500g 외 그릭 요거트 500gx2통, 
2023-06-27 01:50:51의 주문 내역: 등심덧살 - [더블딜] 한돈 뒷고기 150g+150g (총 300g 한 번에 발송) [4+1 이벤트!] 한돈 냉장 뒷고기 300g 4팩+1팩 추가증정 (총 1.5kg), 
2023-06-26 08:09:00의 주문 내역: 방울토마토 - 건강하고 달콤한 스테비아 방울토마토 500g 1+1 (총1kg), 
2023-06-26 08:07:00의 주문 내역 [동시구매]: 방울토마토 - 건강하고 달콤한 스테비아 방울토마토 500g 1+1 (총1kg), 프로틴바 - 건강함을 가득채운 100% 수제 프로틴바 50gx12ea(초코) 외 오리지날 프로틴바 50g내외 x 12ea, 
2023-06-19 09:56:29의 주문 내역 [동시구매]: 등심덧살 - [골라담기] 먹기 좋게 소포장한 신선한 국산 뒷고기 250g 1인분 국산 신선한 뒷고기 250gx5, ","## 다음 구매 상품 예측
프로틴바 - 건강함을 가득채운 100% 수제 프로틴바 50gx12ea(초코) 외 오리지날 프로틴바 50g내외 x 12ea",1
23,"## 주문 히스토리
2023-06-27 02:31:12의 주문 내역: 등심덧살 - [더블딜] 한돈 뒷고기 150g+150g (총 300g 한 번에 발송) [4+1 이벤트!] 한돈 냉장 뒷고기 300g 4팩+1팩 추가증정 (총 1.5kg), 
2023-06-27 01:54:10의 주문 내역: 떠먹는 요구르트 - 30시간 짜내어 만든 정통 방식의 수제 그릭 요거트 500g 외 그릭 요거트 500gx2통, 
2023-06-27 01:50:51의 주문 내역: 등심덧살 - [더블딜] 한돈 뒷고기 150g+150g (총 300g 한 번에 발송) [4+1 이벤트!] 한돈 냉장 뒷고기 300g 4팩+1팩 추가증정 (총 1.5kg), 
2023-06-26 08:09:00의 주문 내역: 방울토마토 - 건강하고 달콤한 스테비아 방울토마토 500g 1+1 (총1kg), 
2023-06-26 08:07:00의 주문 내역 [동시구매]: 방울토마토 - 건강하고 달콤한 스테비아 방울토마토 500g 1+1 (총1kg), 프로틴바 - 건강함을 가득채운 100% 수제 프로틴바 50gx12ea(초코) 외 오리지날 프로틴바 50g내외 x 12ea, 
2023-06-19 09:56:29의 주문 내역 [동시구매]: 등심덧살 - [골라담기] 먹기 좋게 소포장한 신선한 국산 뒷고기 250g 1인분 국산 신선한 뒷고기 250gx5, ","## 다음 구매 상품 예측
옥수수 - 쫀득쫀득 프리미엄 대/특대/홍찰옥수수10~20개입 홍찰옥수수 대 10개입",0
24,"## 주문 히스토리
2023-06-01 02:03:26의 주문 내역: 일반샴푸 - [더블딜] 판테놀 두피 저자극 샴푸 1L 1+1, 
2023-05-22 14:11:17의 주문 내역: 흰우유 - [더블딜] 연세우유 락토프리 오리지널 190ml 24팩+24팩 외 멸균우유 모음전 락토프리 오리지널 190ml x 24팩,1세트, 
2023-05-12 00:53:48의 주문 내역 [동시구매]: 데이크림 - [뷰티특가]블레미쉬 진정 수딩크림 100ml, 네일팁/인조손톱 - [뷰티특가] 젤리핏 트랜디 컬러 네일팁 23종 로즈레드, 선블록/선크림/선로션 - 끈적임 없는 수분진정 선크림 50ml, 
2023-05-05 12:48:41의 주문 내역: 선스틱 - [더블딜] 번들거림 없는 간편 선스틱 1+1 (5/8~9일 출고), 
2023-05-03 14:13:28의 주문 내역: 도시락류 - [더블딜] 다즐샵 간편식 일품도시락 10종 5팩+5팩, 
2023-04-24 14:48:27의 주문 내역 [동시구매]: 즉석죽 - [더블딜]아침대용식 넉넉한 야채죽 250g+250g 외 야채죽250g+250g, 즉석죽 - [더블딜]아침대용식 넉넉한 야채죽 250g+250g 외 뽕잎닭죽250g+250g, 즉석죽 - [더블딜]아침대용식 넉넉한 야채죽 250g+250g 외 매운낙지죽250g+250g, ","## 다음 구매 상품 예측
액상세제 - 자연유래 성분 순한 빨래 퓨어 세탁세제 2.5L x 4개입",1
25,"## 주문 히스토리
2023-06-01 02:03:26의 주문 내역: 일반샴푸 - [더블딜] 판테놀 두피 저자극 샴푸 1L 1+1, 
2023-05-22 14:11:17의 주문 내역: 흰우유 - [더블딜] 연세우유 락토프리 오리지널 190ml 24팩+24팩 외 멸균우유 모음전 락토프리 오리지널 190ml x 24팩,1세트, 
2023-05-12 00:53:48의 주문 내역 [동시구매]: 데이크림 - [뷰티특가]블레미쉬 진정 수딩크림 100ml, 네일팁/인조손톱 - [뷰티특가] 젤리핏 트랜디 컬러 네일팁 23종 로즈레드, 선블록/선크림/선로션 - 끈적임 없는 수분진정 선크림 50ml, 
2023-05-05 12:48:41의 주문 내역: 선스틱 - [더블딜] 번들거림 없는 간편 선스틱 1+1 (5/8~9일 출고), 
2023-05-03 14:13:28의 주문 내역: 도시락류 - [더블딜] 다즐샵 간편식 일품도시락 10종 5팩+5팩, 
2023-04-24 14:48:27의 주문 내역 [동시구매]: 즉석죽 - [더블딜]아침대용식 넉넉한 야채죽 250g+250g 외 야채죽250g+250g, 즉석죽 - [더블딜]아침대용식 넉넉한 야채죽 250g+250g 외 뽕잎닭죽250g+250g, 즉석죽 - [더블딜]아침대용식 넉넉한 야채죽 250g+250g 외 매운낙지죽250g+250g, ","## 다음 구매 상품 예측
치즈스틱 - [브랜드데이] 맘스터치 모짜렐라 치즈스틱 1kg 맘스터치 모짜렐라 치즈스틱 1kg",0
26,"## 주문 히스토리
2023-06-06 23:06:23의 주문 내역: 0원추첨팀구매 - [3인팀추첨] 신세계 백화점 상품권 10만원 (6월 12일 마감), 
2023-04-23 02:17:34의 주문 내역: 방울토마토 - [더블딜]스테비아 방울토마토 (500g+500g) 외 [더블딜]스테비아 방울토마토 (500g+500g), ","## 다음 구매 상품 예측
고무장갑 - [골라담기] 고무장갑 그레이 중형 (1매)",1
27,"## 주문 히스토리
2023-06-06 23:06:23의 주문 내역: 0원추첨팀구매 - [3인팀추첨] 신세계 백화점 상품권 10만원 (6월 12일 마감), 
2023-04-23 02:17:34의 주문 내역: 방울토마토 - [더블딜]스테비아 방울토마토 (500g+500g) 외 [더블딜]스테비아 방울토마토 (500g+500g), ","## 다음 구매 상품 예측
거실화거치대 - 슬리퍼 거치대 그린",0
28,"## 주문 히스토리
2023-06-04 09:26:19의 주문 내역: 액상세제 - 퓨어 세탁세제 2.5L x 4개입, 
2023-05-25 02:15:59의 주문 내역: 꿀고구마 - 황금빛깔의 해남 완소 꿀고구마 2~3kg 13회분 (비세척) 소,3kg, 
2023-05-19 13:13:27의 주문 내역 [동시구매]: 기타젓갈 - 탱글탱글 국내산 천일염 사용 낙지젓 250g 10회분 낙지젓 250g, 간장게장 - [골라담기] 원조 밥도둑 한그릇 뚝딱 99% 껍질을 제거하여 간편한 순살 간장 게장 300g 6회분 순살간장게장 300g, 겉절이김치 - 칼국수와 조합이 기가 막힌 주문 후 생산한 마늘김치 2kg, ","## 다음 구매 상품 예측
0원추첨팀구매 - [3인팀추첨] 신세계 백화점 상품권 10만원 (6월 12일 마감)",1
29,"## 주문 히스토리
2023-06-04 09:26:19의 주문 내역: 액상세제 - 퓨어 세탁세제 2.5L x 4개입, 
2023-05-25 02:15:59의 주문 내역: 꿀고구마 - 황금빛깔의 해남 완소 꿀고구마 2~3kg 13회분 (비세척) 소,3kg, 
2023-05-19 13:13:27의 주문 내역 [동시구매]: 기타젓갈 - 탱글탱글 국내산 천일염 사용 낙지젓 250g 10회분 낙지젓 250g, 간장게장 - [골라담기] 원조 밥도둑 한그릇 뚝딱 99% 껍질을 제거하여 간편한 순살 간장 게장 300g 6회분 순살간장게장 300g, 겉절이김치 - 칼국수와 조합이 기가 막힌 주문 후 생산한 마늘김치 2kg, ","## 다음 구매 상품 예측
흰우유 - [더블딜] 연세우유 락토프리 오리지널 190ml 24팩+24팩 외 멸균우유 모음전 가볍다(저지방) 멸균우유 190ml x 24팩,1세트",0
30,"## 주문 히스토리
2023-07-08 00:33:01의 주문 내역: 아이팔레트 - [골라담기] 로맨틱 컬렉션 아이 팔레트 9색 3종 토스카나 브라운, 
2023-07-05 05:56:25의 주문 내역 [동시구매]: 일반주방세제 - [골라담기] 반짝 주방세제 480ml, 1종세제, 유아식기, 과일세척 , 욕실발판 - 메모리폼 욕실 발매트 (60x40) x 2 베이지, 기타주방잡화 - 냉장고 성에제거기 (색상랜덤), 양치용품 정리 - 걸이용 치약짜개 (색상랜덤), 일반염색약(새치) - [골라담기] 누적판매 213만개 순한 아로마 염색약 4컬러 (7월 3일 이후 출고 가능) 자연갈색, 락스/살균소독제 - [골라담기] 만능 락스 1L, 배수구세정제 - [골라담기] 원샷 뚫어뻥 1L, 곰팡이세정제 - [골라담기] 간편하게 바르는 곰팡이제거젤 150ml, 유리 청소용품 - [골라담기] 매직블럭 30개, 
2023-07-03 14:24:59의 주문 내역: 훈제닭 - 네이처그램 훈제 통다리 140g x 3팩, 
2023-06-28 02:04:34의 주문 내역: 상의/셔츠 옷걸이 - [더블딜] 논슬립 옷걸이 기본형 10개 + 10개 외 논슬립 옷걸이 기본형 블루 10개+10개, ","## 다음 구매 상품 예측
참기름 - 벤조피렌 걱정 NO! 저온압착 100%! (원산지 중국, 제조 국내) 통깨 참기름 & 들기름 180ml, 350ml  참기름 350ml",1
31,"## 주문 히스토리
2023-07-08 00:33:01의 주문 내역: 아이팔레트 - [골라담기] 로맨틱 컬렉션 아이 팔레트 9색 3종 토스카나 브라운, 
2023-07-05 05:56:25의 주문 내역 [동시구매]: 일반주방세제 - [골라담기] 반짝 주방세제 480ml, 1종세제, 유아식기, 과일세척 , 욕실발판 - 메모리폼 욕실 발매트 (60x40) x 2 베이지, 기타주방잡화 - 냉장고 성에제거기 (색상랜덤), 양치용품 정리 - 걸이용 치약짜개 (색상랜덤), 일반염색약(새치) - [골라담기] 누적판매 213만개 순한 아로마 염색약 4컬러 (7월 3일 이후 출고 가능) 자연갈색, 락스/살균소독제 - [골라담기] 만능 락스 1L, 배수구세정제 - [골라담기] 원샷 뚫어뻥 1L, 곰팡이세정제 - [골라담기] 간편하게 바르는 곰팡이제거젤 150ml, 유리 청소용품 - [골라담기] 매직블럭 30개, 
2023-07-03 14:24:59의 주문 내역: 훈제닭 - 네이처그램 훈제 통다리 140g x 3팩, 
2023-06-28 02:04:34의 주문 내역: 상의/셔츠 옷걸이 - [더블딜] 논슬립 옷걸이 기본형 10개 + 10개 외 논슬립 옷걸이 기본형 블루 10개+10개, ","## 다음 구매 상품 예측
디저트스푼 - 삽모양 디저트 스텐스푼/포크 포크",0
32,"## 주문 히스토리
2023-04-26 11:51:21의 주문 내역: 꽃/꽃다발 - [더블딜]금장미, 금카네이션 꽃다발 종이가방 패키지 외 3종 금카네이션 박스패키지, ","## 다음 구매 상품 예측
0원추첨팀구매 - [3인팀추첨] 신세계 백화점 상품권 10만원 (6월 12일 마감)",1
33,"## 주문 히스토리
2023-04-26 11:51:21의 주문 내역: 꽃/꽃다발 - [더블딜]금장미, 금카네이션 꽃다발 종이가방 패키지 외 3종 금카네이션 박스패키지, ","## 다음 구매 상품 예측
기타닭고기가공육 - 겉바속촉 미친가성비 에어프라이어용 ""순살""치킨 600g 2인분 외 치킨(순살/브라질산/600g),1팩",0
34,"## 주문 히스토리
2023-04-25 13:37:13의 주문 내역 [동시구매]: 기타프라이팬 - 계란말이팬 26cm 대형, 국내제조, 구운계란/훈제란 - 촉촉한 짜지않아서 맛있는 반숙란(대란) 20구/30구  20구,1판, 일회용수세미 - 깨끗한 수세미 60매 롤형 x 2개, 주방용 캠핑용 60매 x 2개, 방울토마토 - [오늘의특가] 달콤달달한 스테비아 대추방울토마토 500g 5회분 외 2팩(500g x 2ea), ","## 다음 구매 상품 예측
고무장갑 - [골라담기] 부드러운 파스텔 컬러! 자연 친화적 고무장갑 그레이 중형 1매",1
35,"## 주문 히스토리
2023-04-25 13:37:13의 주문 내역 [동시구매]: 기타프라이팬 - 계란말이팬 26cm 대형, 국내제조, 구운계란/훈제란 - 촉촉한 짜지않아서 맛있는 반숙란(대란) 20구/30구  20구,1판, 일회용수세미 - 깨끗한 수세미 60매 롤형 x 2개, 주방용 캠핑용 60매 x 2개, 방울토마토 - [오늘의특가] 달콤달달한 스테비아 대추방울토마토 500g 5회분 외 2팩(500g x 2ea), ","## 다음 구매 상품 예측
프로틴바 - [오특] 5가지 견과류 무합성첨가물 100% 수제 프로틴바 50gx12ea(초코) 외 오리지날 프로틴바 50g내외 x 12ea",0
36,"## 주문 히스토리
2023-06-25 10:01:32의 주문 내역: 일반아몬드 - [더블딜] 캘리포니아 넌페럴 extra no1 구운 아몬드 500g+500g 외 [더블딜]캘리포니아 넌페럴 extra no1 구운 아몬드500g+500g, 
2023-06-24 01:43:52의 주문 내역: 참기름 - [99특가] 벤조피렌 걱정 NO! 저온압착 100%! 통참깨 참기름 & 들기름 참기름 350ml+350ml, 
2023-04-19 04:57:14의 주문 내역: 일반아몬드 - [더블딜]캘리포니아 넌페럴 extra no1 구운 아몬드500g+500g 외 [더블딜]캘리포니아 넌페럴 extra no1 구운 아몬드500g+500g, ","## 다음 구매 상품 예측
포기김치 - 100% 국내생산 선화동 실비김치 1kg, #대전맛집 대전블르스 매운 실비 김치 2kg",1
37,"## 주문 히스토리
2023-06-25 10:01:32의 주문 내역: 일반아몬드 - [더블딜] 캘리포니아 넌페럴 extra no1 구운 아몬드 500g+500g 외 [더블딜]캘리포니아 넌페럴 extra no1 구운 아몬드500g+500g, 
2023-06-24 01:43:52의 주문 내역: 참기름 - [99특가] 벤조피렌 걱정 NO! 저온압착 100%! 통참깨 참기름 & 들기름 참기름 350ml+350ml, 
2023-04-19 04:57:14의 주문 내역: 일반아몬드 - [더블딜]캘리포니아 넌페럴 extra no1 구운 아몬드500g+500g 외 [더블딜]캘리포니아 넌페럴 extra no1 구운 아몬드500g+500g, ","## 다음 구매 상품 예측
스폰지/조각 퍼프 - [골라담기] 부담없이 사용할 수 있는 대용량 삼각퍼프 100p, 국내제조",0
38,"## 주문 히스토리
2023-07-03 02:03:16의 주문 내역: 국산생수 - [더블딜/2인팀구매/선착순] 크리스탈 생수 2L 3펫+3펫 (총 6펫 한번에 발송), 
2023-07-03 00:22:31의 주문 내역 [동시구매]: 조미오징어 - [더블딜] 건어물아지매 미니숏다리 20g+20g 외 골라담기 마른 오징어 몸통 2미+2미, 조미오징어 - [더블딜] 건어물아지매 미니숏다리 20g+20g 외 골라담기 어포튀각 1봉(80g)+1봉(80g), 
2023-06-30 09:27:31의 주문 내역: 총각김치 - 엄마가 해주던 그맛! 주문후 생산하는 100% 국산재료로만 만드는 총각김치 1.6kg , 
2023-05-18 15:41:14의 주문 내역: 참외 - [오늘의특가] 못생겼지만 정말 달달한!!! 가정용 못난이, 랜덤 성주 참외 1kg, 2kg 외 가정용 랜덤 참외,2kg, ","## 다음 구매 상품 예측
조미오징어 - [99특가] 허니버터 꽃순이오징어 20g 땅콩버터 오징어포 20g",1
39,"## 주문 히스토리
2023-07-03 02:03:16의 주문 내역: 국산생수 - [더블딜/2인팀구매/선착순] 크리스탈 생수 2L 3펫+3펫 (총 6펫 한번에 발송), 
2023-07-03 00:22:31의 주문 내역 [동시구매]: 조미오징어 - [더블딜] 건어물아지매 미니숏다리 20g+20g 외 골라담기 마른 오징어 몸통 2미+2미, 조미오징어 - [더블딜] 건어물아지매 미니숏다리 20g+20g 외 골라담기 어포튀각 1봉(80g)+1봉(80g), 
2023-06-30 09:27:31의 주문 내역: 총각김치 - 엄마가 해주던 그맛! 주문후 생산하는 100% 국산재료로만 만드는 총각김치 1.6kg , 
2023-05-18 15:41:14의 주문 내역: 참외 - [오늘의특가] 못생겼지만 정말 달달한!!! 가정용 못난이, 랜덤 성주 참외 1kg, 2kg 외 가정용 랜덤 참외,2kg, ","## 다음 구매 상품 예측
남녀공용3단우산 - 3단 자동우산 블랙",0
40,"## 주문 히스토리
2023-05-05 07:19:06의 주문 내역 [동시구매]: 앰플 - [뷰티특가]락토 그린 앰플 50ml, 데이크림 - 끈적임 없는 고농축 멀티밤 13g, 데이크림 - 블레미쉬 진정 수딩크림 100ml, 선스틱 - [더블딜] 번들거림 없는 간편 선스틱 1+1 (5/8~9일 출고), 
2023-04-19 14:53:08의 주문 내역 [동시구매]: 롤키친타올 - 천연펄프 키친타올 120매 4롤, 캡슐세제 - 고농축 캡슐세제 30개, 꿀고구마 - 먹기 좋은 사이즈 당도 높은 국산 꿀고구마(중) 2/3kg 13회분 중(2kg), 고무장갑 - 고무장갑 그레이 중형 (1매), 시트 마스크/팩 - 크림 앰플 마스크 30매, 일회용수세미 - 깨끗한 수세미 60매 롤형, 주방용 캠핑용, 고급롤화장지(3겹이상) - 100% 천연펄프 화장지 6롤, 칫솔 - 부드러운 이중미세모 칫솔 10개입, 앰플 - 락토 그린 앰플 50ml, 앰플 - 멀티 비타민 앰플 50ml, 스킨/토너/화장수 - 딥 모이스처 약산성 멀티 토너 1,000ml, ","## 다음 구매 상품 예측
일반주방세제 - [골라담기] 반짝 주방세제 480ml, 1종세제, 유아식기, 과일세척 ",1
41,"## 주문 히스토리
2023-05-05 07:19:06의 주문 내역 [동시구매]: 앰플 - [뷰티특가]락토 그린 앰플 50ml, 데이크림 - 끈적임 없는 고농축 멀티밤 13g, 데이크림 - 블레미쉬 진정 수딩크림 100ml, 선스틱 - [더블딜] 번들거림 없는 간편 선스틱 1+1 (5/8~9일 출고), 
2023-04-19 14:53:08의 주문 내역 [동시구매]: 롤키친타올 - 천연펄프 키친타올 120매 4롤, 캡슐세제 - 고농축 캡슐세제 30개, 꿀고구마 - 먹기 좋은 사이즈 당도 높은 국산 꿀고구마(중) 2/3kg 13회분 중(2kg), 고무장갑 - 고무장갑 그레이 중형 (1매), 시트 마스크/팩 - 크림 앰플 마스크 30매, 일회용수세미 - 깨끗한 수세미 60매 롤형, 주방용 캠핑용, 고급롤화장지(3겹이상) - 100% 천연펄프 화장지 6롤, 칫솔 - 부드러운 이중미세모 칫솔 10개입, 앰플 - 락토 그린 앰플 50ml, 앰플 - 멀티 비타민 앰플 50ml, 스킨/토너/화장수 - 딥 모이스처 약산성 멀티 토너 1,000ml, ","## 다음 구매 상품 예측
에센스/세럼 - [99특가] 잡티개선 고농축 비타민 세럼 20ml (1인 2개 구매제한)",0
42,"## 주문 히스토리
2023-07-06 13:48:41의 주문 내역 [동시구매]: 필터샤워기 - [골라담기] 정화 물로 즐기는 쾌적한 샤워! 클렌징 샤워기 마이크로 필터 3개입, NSF인증, 아토피협회인증, 락스/살균소독제 - [골라담기] 천연소금으로 만든 만능락스 1L, 때수건/샤워타월 - [골라담기] 풍성한 거품 생성! 촘촘한 그물망 샤워볼 4개, ","## 다음 구매 상품 예측
뚫어뻥 - 붓기만 하면 끝! 원샷 뚫어뻥 1L x 6개 1L x 6개",1
43,"## 주문 히스토리
2023-07-06 13:48:41의 주문 내역 [동시구매]: 필터샤워기 - [골라담기] 정화 물로 즐기는 쾌적한 샤워! 클렌징 샤워기 마이크로 필터 3개입, NSF인증, 아토피협회인증, 락스/살균소독제 - [골라담기] 천연소금으로 만든 만능락스 1L, 때수건/샤워타월 - [골라담기] 풍성한 거품 생성! 촘촘한 그물망 샤워볼 4개, ","## 다음 구매 상품 예측
배변봉투 - 리필봉투 4개입 (색상랜덤)",0
44,"## 주문 히스토리
2023-05-14 02:34:22의 주문 내역: 쥐포 - [더블딜] 달짝지근 옛날 쥐포(대) 5미+5미 (총 10미 한번에 배송/240g 내외) [더블딜] 쥐포(대) 5미+5미 (총 10미 한번에 배송/240g 내외), 
2023-04-29 08:50:33의 주문 내역 [동시구매]: 양념닭발 - [오늘의특가] 초간단 야식! 용기째 전자레인지에 돌려먹을 수 있는 간편한 숯불직화무뼈닭발 250g 2인분 숯불직화무뼈닭발 250g, 앞다리살 - 진한 국물을 내주는 1등급 한우 국거리 300g 1~2인분 캐처스 한우 국거리고기 300g, 누룽지 - 부담없는 아침식사로 제격! 지퍼백을 사용해서 먹기 좋은 100% 우리쌀 국산 누룽지 500g x 2개 약 10~12인분 우리쌀 국산 누룽지 500gx2, 데이크림 - [골라담기특가] 끈적임 없는 고농축 멀티밤 13g, 감자 - 포슬포슬 국산 감자(중) 1/2/3kg (5~15회분) 1kg, 참외 - [오늘의특가] 당일수확 산지직송 달콤 아삭 성주 꿀참외 못난이 가정용 로얄과 2kg 4kg 5kg 10kg 가정용+못난이 혼합 랜덤 2kg, 
2023-04-27 14:01:02의 주문 내역 [동시구매]: 간장게장 - [오늘의특가] 밥 한 공기 뚝딱하는 삼점 암 꽃게장 2kg 2~3인분, ","## 다음 구매 상품 예측
물냉면 - [더블딜]물냉면 전옵션 균일가! 함흥냉면 5인분+5인분 (총 10인분 1패키지 한번에 발송) 외 동치미함흥냉면 10인분",1
45,"## 주문 히스토리
2023-05-14 02:34:22의 주문 내역: 쥐포 - [더블딜] 달짝지근 옛날 쥐포(대) 5미+5미 (총 10미 한번에 배송/240g 내외) [더블딜] 쥐포(대) 5미+5미 (총 10미 한번에 배송/240g 내외), 
2023-04-29 08:50:33의 주문 내역 [동시구매]: 양념닭발 - [오늘의특가] 초간단 야식! 용기째 전자레인지에 돌려먹을 수 있는 간편한 숯불직화무뼈닭발 250g 2인분 숯불직화무뼈닭발 250g, 앞다리살 - 진한 국물을 내주는 1등급 한우 국거리 300g 1~2인분 캐처스 한우 국거리고기 300g, 누룽지 - 부담없는 아침식사로 제격! 지퍼백을 사용해서 먹기 좋은 100% 우리쌀 국산 누룽지 500g x 2개 약 10~12인분 우리쌀 국산 누룽지 500gx2, 데이크림 - [골라담기특가] 끈적임 없는 고농축 멀티밤 13g, 감자 - 포슬포슬 국산 감자(중) 1/2/3kg (5~15회분) 1kg, 참외 - [오늘의특가] 당일수확 산지직송 달콤 아삭 성주 꿀참외 못난이 가정용 로얄과 2kg 4kg 5kg 10kg 가정용+못난이 혼합 랜덤 2kg, 
2023-04-27 14:01:02의 주문 내역 [동시구매]: 간장게장 - [오늘의특가] 밥 한 공기 뚝딱하는 삼점 암 꽃게장 2kg 2~3인분, ","## 다음 구매 상품 예측
후크/기타걸이 - 초강력 매직후크 10p x 3개",0
46,"## 주문 히스토리
2023-05-17 04:16:08의 주문 내역 [동시구매]: 갓김치 - [더블딜] 여수 갓김치 100% 국내산 1kg+1kg 외 4종 갓김치 1kg+1kg, 여성양말 - [더블딜] 페이크 삭스 남성용, 여성용 8종 5켤레+5켤레 디몬드 여성(블랙) 10켤레, 
2023-05-09 02:03:15의 주문 내역: 양파 - [더블딜] 가성비 최고! 달달하고 아삭한 100% 국내산 23년 햇양파(중소,특상) 1.5kg+1.5kg 외 [더블딜] 중소 1.5kg+1.5kg, 
2023-04-28 05:05:13의 주문 내역: 핫도그 - [더블딜]캐처스 오리지널 핫도그300g+300g 외 [더블딜]캐처스 오리지널 핫도그300g+300g, 
2023-04-27 02:15:21의 주문 내역: 기타수산물 - [더블딜] 더위를 날리는 시원한 한치 물회 320g+320g (640g/1인분)외 한치물회 (640g/1인분), 
2023-04-26 02:03:36의 주문 내역 [동시구매]: 포기김치 - [더블딜]캐처스 100% 국산 재료로 만든 배추김치1kg+1kg 외 [더블딜]캐처스 100% 국산 재료로 만든 겉절이1kg+1kg, ","## 다음 구매 상품 예측
갓김치 - [더블딜] 여수 갓김치 100% 국내산 1kg+1kg 외 4종 [더블딜]갓김치 1kg+1kg",1
47,"## 주문 히스토리
2023-05-17 04:16:08의 주문 내역 [동시구매]: 갓김치 - [더블딜] 여수 갓김치 100% 국내산 1kg+1kg 외 4종 갓김치 1kg+1kg, 여성양말 - [더블딜] 페이크 삭스 남성용, 여성용 8종 5켤레+5켤레 디몬드 여성(블랙) 10켤레, 
2023-05-09 02:03:15의 주문 내역: 양파 - [더블딜] 가성비 최고! 달달하고 아삭한 100% 국내산 23년 햇양파(중소,특상) 1.5kg+1.5kg 외 [더블딜] 중소 1.5kg+1.5kg, 
2023-04-28 05:05:13의 주문 내역: 핫도그 - [더블딜]캐처스 오리지널 핫도그300g+300g 외 [더블딜]캐처스 오리지널 핫도그300g+300g, 
2023-04-27 02:15:21의 주문 내역: 기타수산물 - [더블딜] 더위를 날리는 시원한 한치 물회 320g+320g (640g/1인분)외 한치물회 (640g/1인분), 
2023-04-26 02:03:36의 주문 내역 [동시구매]: 포기김치 - [더블딜]캐처스 100% 국산 재료로 만든 배추김치1kg+1kg 외 [더블딜]캐처스 100% 국산 재료로 만든 겉절이1kg+1kg, ","## 다음 구매 상품 예측
삼겹살 - [99특가] 두툼하고 풍미가 일품인 살밥가득 구이용 삼겹살 500g+500g 외 (1kg/4인분) 외 구이용 삼겹살 500g*4팩",0
48,"## 주문 히스토리
2023-05-27 08:05:56의 주문 내역: 구운계란/훈제란 - 탱글탱글 신선함이 가득한 해썹 구운계란 30구 외 30구,1개, 
2023-05-15 01:28:52의 주문 내역: 방울토마토 - [정직한 농장] 산지직송 빨강 대추 방울토마토 1kg 빨강 대추 방울토마토 1kg, ","## 다음 구매 상품 예측
구운계란/훈제란 - 탱글탱글 신선함이 가득한 해썹 구운계란 30구 외 30구,1개",1
49,"## 주문 히스토리
2023-05-27 08:05:56의 주문 내역: 구운계란/훈제란 - 탱글탱글 신선함이 가득한 해썹 구운계란 30구 외 30구,1개, 
2023-05-15 01:28:52의 주문 내역: 방울토마토 - [정직한 농장] 산지직송 빨강 대추 방울토마토 1kg 빨강 대추 방울토마토 1kg, ","## 다음 구매 상품 예측
감자 - 포슬포슬 작지만 가성비 좋은 국산 알감자(50~70g 내외) 2/3kg (10회분) 3kg",0
50,"## 주문 히스토리
2023-05-08 06:44:39의 주문 내역: 구운계란/훈제란 - 쫄깃 탱글탱글 신선함이 가득한 해썹 구운계란 30구 외 30구,1개, ","## 다음 구매 상품 예측
알로에/수딩/애프터선 - 순도 99% 알로에베라 수딩젤 400ml",1
51,"## 주문 히스토리
2023-05-08 06:44:39의 주문 내역: 구운계란/훈제란 - 쫄깃 탱글탱글 신선함이 가득한 해썹 구운계란 30구 외 30구,1개, ","## 다음 구매 상품 예측
휴대용 가방걸이 - 핸드백 가방걸이 (색상랜덤)",0
52,"## 주문 히스토리
2023-06-03 00:43:47의 주문 내역 [동시구매]: 일반일자형빨대 - [골라담기] 개별포장 일자빨대 블랙 100개입, 일반주방세제 - 반짝 주방세제 480ml x 3개, 1종세제, 유아식기, 과일세척  480ml x 10개, 에센스/세럼 - [골라담기] 잡티개선 고농축 비타민 세럼 20ml (1인 3개 구매제한), 앰플 - [골라담기] 크리미 블랑 우유단백질 미백 앰플 30ml , 라텍스장갑/니트릴장갑 - [골라담기] 니트릴장갑 100매 (S/M/L) 식품용등급, 파우더free S, 
2023-06-02 04:35:28의 주문 내역 [동시구매]: 먼지제거브러쉬 - 방충망 먼지제거 롱브러쉬 (색상랜덤), 기타 휴대폰 액세서리 - 스마트폰 스탠드거치대, 휴대용 가방걸이 - 핸드백 가방걸이 (색상랜덤) x 4개, 방충망 - 물구멍방충망 5p, 세안밴드 - 고양이 세안헤어밴드 (색상랜덤), 
2023-06-02 04:29:00의 주문 내역 [동시구매]: 목살 - [오늘의특가] 풍부한 고기맛이 일품인 두툼하게 썰어낸 구이용 목살 (500g/2인분) 외 구이용 목살 500g, ","## 다음 구매 상품 예측
장아찌 - 국산 원물사용 부드러운 식감의 간장 깻잎장아찌 250g (10회분) 간장 깻잎장아찌 250g",1
53,"## 주문 히스토리
2023-06-03 00:43:47의 주문 내역 [동시구매]: 일반일자형빨대 - [골라담기] 개별포장 일자빨대 블랙 100개입, 일반주방세제 - 반짝 주방세제 480ml x 3개, 1종세제, 유아식기, 과일세척  480ml x 10개, 에센스/세럼 - [골라담기] 잡티개선 고농축 비타민 세럼 20ml (1인 3개 구매제한), 앰플 - [골라담기] 크리미 블랑 우유단백질 미백 앰플 30ml , 라텍스장갑/니트릴장갑 - [골라담기] 니트릴장갑 100매 (S/M/L) 식품용등급, 파우더free S, 
2023-06-02 04:35:28의 주문 내역 [동시구매]: 먼지제거브러쉬 - 방충망 먼지제거 롱브러쉬 (색상랜덤), 기타 휴대폰 액세서리 - 스마트폰 스탠드거치대, 휴대용 가방걸이 - 핸드백 가방걸이 (색상랜덤) x 4개, 방충망 - 물구멍방충망 5p, 세안밴드 - 고양이 세안헤어밴드 (색상랜덤), 
2023-06-02 04:29:00의 주문 내역 [동시구매]: 목살 - [오늘의특가] 풍부한 고기맛이 일품인 두툼하게 썰어낸 구이용 목살 (500g/2인분) 외 구이용 목살 500g, ","## 다음 구매 상품 예측
소불고기 - [골라담기특가] 야들야들 풍미 가득 우삼겹으로 만든 우삼겹 소불고기 1kg 4인분",0
54,"## 주문 히스토리
2023-05-30 06:31:55의 주문 내역: 망고 - [더블딜] 망고계의 끝판왕! 마하차녹 무지개 망고 1kg + 1kg 마하차녹 망고 2kg (4-7과), 
2023-05-29 06:39:43의 주문 내역 [동시구매]: 약과 - 질리지 않는 달콤함 국산 장단콩으로 만든 명품 찹쌀 약과 480g 내외, 물냉면 - [더블딜] 냉면 전옵션 균일가! 함흥냉면 5인분+5인분 (총 10인분 1패키지 한번에 발송) 사골평양냉면 10인분, 물냉면 - [더블딜] 냉면 전옵션 균일가! 함흥냉면 5인분+5인분 (총 10인분 1패키지 한번에 발송) 동치미평양냉면 10인분, 유아오일/젤 - [골라담기]초유 단백질 릴렉싱 베이비 오일, 때수건/샤워타월 - [골라담기] 파스텔 투톤 버블 샤워볼 4개, 락스/살균소독제 - [골라담기] 만능 락스 1L, 기타프라이팬 - [골라담기] 계란말이팬 26cm 대형, 국내제조, 유아 수딩밤/크림 - [골라담기] 초유 베이비 수딩 젤 130ml , 도시락김 - 입안에 풍미가 가득한 두번 구워서 바삭한 도시락김 4g*16봉 , 덴탈마스크[식약처인증] - [골라담기] 일회용 덴탈마스크 50매 (개당 32원), 고무장갑 - [골라담기특가] 고무장갑 그레이 중형 (1매), ","## 다음 구매 상품 예측
시트 섬유유연제 - [골라담기] 건조기 드라이시트 40매",1
55,"## 주문 히스토리
2023-05-30 06:31:55의 주문 내역: 망고 - [더블딜] 망고계의 끝판왕! 마하차녹 무지개 망고 1kg + 1kg 마하차녹 망고 2kg (4-7과), 
2023-05-29 06:39:43의 주문 내역 [동시구매]: 약과 - 질리지 않는 달콤함 국산 장단콩으로 만든 명품 찹쌀 약과 480g 내외, 물냉면 - [더블딜] 냉면 전옵션 균일가! 함흥냉면 5인분+5인분 (총 10인분 1패키지 한번에 발송) 사골평양냉면 10인분, 물냉면 - [더블딜] 냉면 전옵션 균일가! 함흥냉면 5인분+5인분 (총 10인분 1패키지 한번에 발송) 동치미평양냉면 10인분, 유아오일/젤 - [골라담기]초유 단백질 릴렉싱 베이비 오일, 때수건/샤워타월 - [골라담기] 파스텔 투톤 버블 샤워볼 4개, 락스/살균소독제 - [골라담기] 만능 락스 1L, 기타프라이팬 - [골라담기] 계란말이팬 26cm 대형, 국내제조, 유아 수딩밤/크림 - [골라담기] 초유 베이비 수딩 젤 130ml , 도시락김 - 입안에 풍미가 가득한 두번 구워서 바삭한 도시락김 4g*16봉 , 덴탈마스크[식약처인증] - [골라담기] 일회용 덴탈마스크 50매 (개당 32원), 고무장갑 - [골라담기특가] 고무장갑 그레이 중형 (1매), ","## 다음 구매 상품 예측
방충망 - 물구멍방충망 5p",0
56,"## 주문 히스토리
2023-07-15 17:29:00의 주문 내역: 임연수 - 국산 천일염으로 밑간한 반건조 순살 임연수 240g (2인분) 외 반건조 임연수 10마리 5봉 1.2kg 내외, 
2023-07-15 08:32:03의 주문 내역: 옥수수 - 쫀득쫀득 맛있는 무첨가 대/특대/홍찰옥수수10~20개입 홍찰옥수수 특대 15개입, 
2023-07-15 08:23:23의 주문 내역: 꿀고구마 - 먹기 좋은 사이즈 고당도 국산 꿀고구마(긴중) 2kg (13회분) 외 3kg, 
2023-07-04 14:33:54의 주문 내역 [동시구매]: 꿀고구마 - 먹기 좋은 사이즈 당도 높은 국산 꿀고구마(긴중) 2/3kg 13회분 3kg, 구운계란/훈제란 - 촉촉한 짜지않아서 맛있는 반숙란(대란) 20구/30구  20구,1판, 기타닭고기가공육 - [99특가] 겉바속촉 미친가성비 에어프라이어용 ""순살""치킨 600g 2인분 외 치킨(뼈/국내산/950g±50),1팩, 기타건어물 - 다양한 맛을 즐길 수 있는 주전부리 강원도산 먹태마루(간장맛/매운맛/버터맛) 30g 3회분 버터맛 30g, 간편닭가슴살 - 네이처그램 치큐 스팀 닭가슴살(오리지널/후추/훈제) 3종 100g x 10팩 치큐 닭가슴살 오리지널 100g × 10팩, ","## 다음 구매 상품 예측
복숭아 - 입안 가득 퍼지는 달콤한 풍미! 딱딱이 백도 1.5kg, 3kg, 4kg 딱딱이백도 3kg / 중과 / 14-17과 내외",1
57,"## 주문 히스토리
2023-07-15 17:29:00의 주문 내역: 임연수 - 국산 천일염으로 밑간한 반건조 순살 임연수 240g (2인분) 외 반건조 임연수 10마리 5봉 1.2kg 내외, 
2023-07-15 08:32:03의 주문 내역: 옥수수 - 쫀득쫀득 맛있는 무첨가 대/특대/홍찰옥수수10~20개입 홍찰옥수수 특대 15개입, 
2023-07-15 08:23:23의 주문 내역: 꿀고구마 - 먹기 좋은 사이즈 고당도 국산 꿀고구마(긴중) 2kg (13회분) 외 3kg, 
2023-07-04 14:33:54의 주문 내역 [동시구매]: 꿀고구마 - 먹기 좋은 사이즈 당도 높은 국산 꿀고구마(긴중) 2/3kg 13회분 3kg, 구운계란/훈제란 - 촉촉한 짜지않아서 맛있는 반숙란(대란) 20구/30구  20구,1판, 기타닭고기가공육 - [99특가] 겉바속촉 미친가성비 에어프라이어용 ""순살""치킨 600g 2인분 외 치킨(뼈/국내산/950g±50),1팩, 기타건어물 - 다양한 맛을 즐길 수 있는 주전부리 강원도산 먹태마루(간장맛/매운맛/버터맛) 30g 3회분 버터맛 30g, 간편닭가슴살 - 네이처그램 치큐 스팀 닭가슴살(오리지널/후추/훈제) 3종 100g x 10팩 치큐 닭가슴살 오리지널 100g × 10팩, ","## 다음 구매 상품 예측
화장솜 - [골라담기] 부드럽고 푹신한 촉감! 엠보 화장솜 300매, 국내제작 순면100%",0
58,"## 주문 히스토리
2023-06-03 16:13:00의 주문 내역 [동시구매]: 일반주방세제 - [골라담기] 반짝 주방세제 480ml, 1종세제, 유아식기, 과일세척 , 스킨/토너/화장수 - [더블딜] 딥 모이스처 약산성 멀티 토너 1,000ml 1+1, 간편닭가슴살 - [기획전특가] 네이처그램 치큐 스팀 닭가슴살(허브/훈제) 2종 100g x 10팩 치큐 닭가슴살 허브 100g x 10팩, 물냉면 - [더블딜] (쫄면1인분890원/냉면이1인분920원)쫄면 냉면 5+5인분(10인분) 초특가!! 동치미평양냉면 10인분, 갓김치 - [더블딜] 여수 갓김치 100% 국내산 1kg+1kg 외 4종 [더블딜]갓김치 1kg+1kg, ","## 다음 구매 상품 예측
국산생수 - [브랜드데이] 크리스탈 생수(무라벨) 330ml x 20 외 씨엠 크리스탈생수 330ml x 60개",1
59,"## 주문 히스토리
2023-06-03 16:13:00의 주문 내역 [동시구매]: 일반주방세제 - [골라담기] 반짝 주방세제 480ml, 1종세제, 유아식기, 과일세척 , 스킨/토너/화장수 - [더블딜] 딥 모이스처 약산성 멀티 토너 1,000ml 1+1, 간편닭가슴살 - [기획전특가] 네이처그램 치큐 스팀 닭가슴살(허브/훈제) 2종 100g x 10팩 치큐 닭가슴살 허브 100g x 10팩, 물냉면 - [더블딜] (쫄면1인분890원/냉면이1인분920원)쫄면 냉면 5+5인분(10인분) 초특가!! 동치미평양냉면 10인분, 갓김치 - [더블딜] 여수 갓김치 100% 국내산 1kg+1kg 외 4종 [더블딜]갓김치 1kg+1kg, ","## 다음 구매 상품 예측
우럭 - 통영 산지직송 제철 모둠회(6~7종) 300g",0
60,"## 주문 히스토리
2023-05-23 13:36:59의 주문 내역: 약과 - [오늘의특가] 질리지 않는 달콤함 국산 장단콩으로 만든 명품 찹쌀 약과 480g 내외 장단콩찹쌀 약과 480gx2 (24개입), 
2023-05-22 12:30:02의 주문 내역 [동시구매]: 라텍스장갑/니트릴장갑 - [골라담기] 니트릴장갑 100매 (S/M/L) 식품용등급, 파우더free S, 식기세척기용세제 - [골라담기] 식기세척기 타블렛 세제 50개입, 기타닭고기가공육 - [더블딜] 겉바속촉 미친가성비 에어프라이어용 치킨(순살) 600g+600g 외 치킨(뼈/국내산/950g±50),1팩, 
2023-04-19 06:42:53의 주문 내역: 일반아몬드 - [더블딜]캘리포니아 넌페럴 extra no1 구운 아몬드500g+500g 외 [더블딜]캘리포니아 넌페럴 extra no1 구운 아몬드500g+500g, ","## 다음 구매 상품 예측
라텍스장갑/니트릴장갑 - [골라담기] 니트릴장갑 100매 (S/M/L) 식품용등급, 파우더free S",1
61,"## 주문 히스토리
2023-05-23 13:36:59의 주문 내역: 약과 - [오늘의특가] 질리지 않는 달콤함 국산 장단콩으로 만든 명품 찹쌀 약과 480g 내외 장단콩찹쌀 약과 480gx2 (24개입), 
2023-05-22 12:30:02의 주문 내역 [동시구매]: 라텍스장갑/니트릴장갑 - [골라담기] 니트릴장갑 100매 (S/M/L) 식품용등급, 파우더free S, 식기세척기용세제 - [골라담기] 식기세척기 타블렛 세제 50개입, 기타닭고기가공육 - [더블딜] 겉바속촉 미친가성비 에어프라이어용 치킨(순살) 600g+600g 외 치킨(뼈/국내산/950g±50),1팩, 
2023-04-19 06:42:53의 주문 내역: 일반아몬드 - [더블딜]캘리포니아 넌페럴 extra no1 구운 아몬드500g+500g 외 [더블딜]캘리포니아 넌페럴 extra no1 구운 아몬드500g+500g, ","## 다음 구매 상품 예측
조리도구걸이 - 다용도 조리도구 걸이 (색상 랜덤)",0
62,"## 주문 히스토리
2023-06-20 08:27:08의 주문 내역: 돼지불고기/제육볶음 - [골라담기] 맛있게 매콤하고 잡내없는 1+ 국산 돼지로만 만든 국산 고추장돼지불고기 250g 1인분 고추장돼지불고기 250g(1인분)x2개, ","## 다음 구매 상품 예측
양치컵/기타구강용품 - 무타공 접착패드로 깔끔하게 사용 가능한 칫솔걸이 양치컵 (색상랜덤)",1
63,"## 주문 히스토리
2023-06-20 08:27:08의 주문 내역: 돼지불고기/제육볶음 - [골라담기] 맛있게 매콤하고 잡내없는 1+ 국산 돼지로만 만든 국산 고추장돼지불고기 250g 1인분 고추장돼지불고기 250g(1인분)x2개, ","## 다음 구매 상품 예측
국산생수 - 크리스탈 생수 2L x 12펫 외 생수 모음전 크리스탈 생수 500ml x 20병,3팩",0
64,"## 주문 히스토리
2023-05-08 12:48:29의 주문 내역 [동시구매]: 누룽지 - [식품특가] 100% 우리쌀 국산 누룽지 500g 약 3~4인분, 앰플 - [뷰티특가]락토 그린 앰플 50ml, 
2023-04-27 11:46:03의 주문 내역: 감자 - 포슬포슬 국산 감자(중) 2/3kg (10회분) 2kg, ","## 다음 구매 상품 예측
참외 - [더블딜] 못생겼지만 정말 달달한!!! 고당도 성주 참외 1kg+1kg (1번 옵션, 총 2kg 발송) 가정용 랜덤 참외,1kg+1kg (더블딜)",1
65,"## 주문 히스토리
2023-05-08 12:48:29의 주문 내역 [동시구매]: 누룽지 - [식품특가] 100% 우리쌀 국산 누룽지 500g 약 3~4인분, 앰플 - [뷰티특가]락토 그린 앰플 50ml, 
2023-04-27 11:46:03의 주문 내역: 감자 - 포슬포슬 국산 감자(중) 2/3kg (10회분) 2kg, ","## 다음 구매 상품 예측
아이브로우 오토펜슬 - [뷰티페스타] 메이크 리얼 무드 오토 아이브로우 브라운 1+1 한정특가",0
66,"## 주문 히스토리
2023-05-19 02:21:55의 주문 내역: 삼겹살 - [더블딜] 한판하이소 듀록/벌집 삼겹살 구이용 500g + 500g 벌집 삼겹살 구이용 500g + 500g, 
2023-04-29 08:02:26의 주문 내역: 갓김치 - [더블딜]매콤한 100% 국내산으로 만든 전라도 갓김치 1KG+1KG 여수 돌산 갓김치 1KG+1KG, ","## 다음 구매 상품 예측
비빔냉면 - [더블딜]우정본가 메밀향 가득 비빔막국수 3인분+3인분 외 콩국수/메밀소바/짜장면 메밀소바 6인분 세트(메밀면6인분+메밀소스6봉)",1
67,"## 주문 히스토리
2023-05-19 02:21:55의 주문 내역: 삼겹살 - [더블딜] 한판하이소 듀록/벌집 삼겹살 구이용 500g + 500g 벌집 삼겹살 구이용 500g + 500g, 
2023-04-29 08:02:26의 주문 내역: 갓김치 - [더블딜]매콤한 100% 국내산으로 만든 전라도 갓김치 1KG+1KG 여수 돌산 갓김치 1KG+1KG, ","## 다음 구매 상품 예측
정보보안스탬프/롤러 - 개인정보 송장지우개 10ml 본품/리필 본품",0
68,"## 주문 히스토리
2023-05-23 08:53:16의 주문 내역 [동시구매]: 시트 마스크/팩 - [골라담기] 슈퍼 아쿠아 마스크 30매, 세탁조세정제 - 세탁조클리너 600g x 2개입, 일반/드럼겸용 총 8회분 600g 2개입 x 1개, 기타 떡 - [골라담기특가] 쫀득 달콤 쑥향 가득한 국산 찹쌀로 만든 쑥개떡 650g 10개입 콩쑥개떡 650g(10개입), 튀김 - [골라담기] 담백하고 바삭한 소용량 포장 김말이 400g 김말이 400g, 소불고기 - [더블딜] 한우 1++ 프리미엄 불고기 250g+250g (총 500g) 한우 1++등급 불고기 250g+250g (총 500g), 욕실화 - [더블딜] 뽀송이 발매트 1+1 외 생활잡화 16종 규조토 롤모던 매트 1+1, 욕실화 - [더블딜] 뽀송이 발매트 1+1 외 생활잡화 16종 향균 욕실화 1+1, ","## 다음 구매 상품 예측
훈제연어 - 비비수산 연어 스테이크 케이준/블랙페퍼 220g 케이준 연어 스테이크 220g",1
69,"## 주문 히스토리
2023-05-23 08:53:16의 주문 내역 [동시구매]: 시트 마스크/팩 - [골라담기] 슈퍼 아쿠아 마스크 30매, 세탁조세정제 - 세탁조클리너 600g x 2개입, 일반/드럼겸용 총 8회분 600g 2개입 x 1개, 기타 떡 - [골라담기특가] 쫀득 달콤 쑥향 가득한 국산 찹쌀로 만든 쑥개떡 650g 10개입 콩쑥개떡 650g(10개입), 튀김 - [골라담기] 담백하고 바삭한 소용량 포장 김말이 400g 김말이 400g, 소불고기 - [더블딜] 한우 1++ 프리미엄 불고기 250g+250g (총 500g) 한우 1++등급 불고기 250g+250g (총 500g), 욕실화 - [더블딜] 뽀송이 발매트 1+1 외 생활잡화 16종 규조토 롤모던 매트 1+1, 욕실화 - [더블딜] 뽀송이 발매트 1+1 외 생활잡화 16종 향균 욕실화 1+1, ","## 다음 구매 상품 예측
방울토마토 - 달콤달달한 스테비아 대추방울토마토 500g 5회분 외 3팩(500g x 3ea)",0
70,"## 주문 히스토리
2023-07-03 05:33:04의 주문 내역 [동시구매]: 벽걸이/코너선반 - 매직 대야걸이 (색상랜덤), 기타냉장냉동요리 - 셰프반찬 일품요리 골라담기 14종 소고기불고기 400g, 기타냉장냉동요리 - 셰프반찬 일품요리 골라담기 14종 돼지갈비찜 500g, 기타냉장냉동요리 - 셰프반찬 일품요리 골라담기 14종 순살수제닭갈비세트 500g, 즉석탕/찌개 - 셰프반찬 국, 찌개 골라담기 14종 차돌박이된장찌개 650g, 기타김치 - 셰프반찬 김치 골라담기 8종 깻잎생김치 250g, 기타김치 - 셰프반찬 김치 골라담기 8종 배추겉절이 300g, 복숭아 - [더블딜] 향긋하고 달콤한! 황도 / 백도 750g + 750g (총 1.5kg 한번에 발송) 외 황도,1.5kg / 대과 / 5-6과 내외, 물놀이 악세서리 - 물놀이 망사가방 (색상랜덤), 
2023-06-22 02:26:07의 주문 내역 [동시구매]: 에센스/세럼 - [99특가] 잡티개선 고농축 비타민 세럼 20ml (1인 2개 구매제한), 주방수납바구니/바스켓 - [더블딜] 34구 대용량 계란트레이 달걀보관함 1+1 외 [더블딜] 34구 대용량 계란트레이 달걀보관함 1 + 1, ","## 다음 구매 상품 예측
냉장/냉동 기타 떡 - 굳지않는 3색(혼합) 말랑꿀떡 12개입 960g 외 굳지않는 3색(혼합) 말랑꿀떡 12개입+12개입 1.9kg",1
71,"## 주문 히스토리
2023-07-03 05:33:04의 주문 내역 [동시구매]: 벽걸이/코너선반 - 매직 대야걸이 (색상랜덤), 기타냉장냉동요리 - 셰프반찬 일품요리 골라담기 14종 소고기불고기 400g, 기타냉장냉동요리 - 셰프반찬 일품요리 골라담기 14종 돼지갈비찜 500g, 기타냉장냉동요리 - 셰프반찬 일품요리 골라담기 14종 순살수제닭갈비세트 500g, 즉석탕/찌개 - 셰프반찬 국, 찌개 골라담기 14종 차돌박이된장찌개 650g, 기타김치 - 셰프반찬 김치 골라담기 8종 깻잎생김치 250g, 기타김치 - 셰프반찬 김치 골라담기 8종 배추겉절이 300g, 복숭아 - [더블딜] 향긋하고 달콤한! 황도 / 백도 750g + 750g (총 1.5kg 한번에 발송) 외 황도,1.5kg / 대과 / 5-6과 내외, 물놀이 악세서리 - 물놀이 망사가방 (색상랜덤), 
2023-06-22 02:26:07의 주문 내역 [동시구매]: 에센스/세럼 - [99특가] 잡티개선 고농축 비타민 세럼 20ml (1인 2개 구매제한), 주방수납바구니/바스켓 - [더블딜] 34구 대용량 계란트레이 달걀보관함 1+1 외 [더블딜] 34구 대용량 계란트레이 달걀보관함 1 + 1, ","## 다음 구매 상품 예측
즉석죽 - 국내산 새우를 듬뿍 넣은 새우죽 450g 1인분",0
72,"## 주문 히스토리
2023-05-29 04:26:21의 주문 내역 [동시구매]: 쌀국수 - 고단한 하루를 단번에 풀어주는 알싸한 마라쌀국수 336g(2인분) x 2개 마라쌀국수 336g(2인분) x 2개, 당근 - 아삭!달달! 100% 국내산 23년 햇 흙당근(중/특상) 1kg 외 중 2kg, 망고 - 망고계의 끝판왕! 마하차녹 무지개 망고 2kg, 5kg 마하차녹 망고 2kg  4-7과, 물냉면 - [더블딜] 냉면 전옵션 균일가! 함흥냉면 5인분+5인분 (총 10인분 1패키지 한번에 발송) 비빔평양냉면 10인분, 
2023-05-27 06:54:04의 주문 내역: 떠먹는 요구르트 - 30시간 짜내어 만든 정통 방식의 수제 그릭 요거트 500g 외 그릭 요거트 500gx2통, ","## 다음 구매 상품 예측
돈까스 - [99특가] 25년 경력 쉐프가 만든! 수제 통 등심 돈까스 130g(소스 포함/국산등심) 외 수제등심돈까스100g+돈까스소스30g",1
73,"## 주문 히스토리
2023-05-29 04:26:21의 주문 내역 [동시구매]: 쌀국수 - 고단한 하루를 단번에 풀어주는 알싸한 마라쌀국수 336g(2인분) x 2개 마라쌀국수 336g(2인분) x 2개, 당근 - 아삭!달달! 100% 국내산 23년 햇 흙당근(중/특상) 1kg 외 중 2kg, 망고 - 망고계의 끝판왕! 마하차녹 무지개 망고 2kg, 5kg 마하차녹 망고 2kg  4-7과, 물냉면 - [더블딜] 냉면 전옵션 균일가! 함흥냉면 5인분+5인분 (총 10인분 1패키지 한번에 발송) 비빔평양냉면 10인분, 
2023-05-27 06:54:04의 주문 내역: 떠먹는 요구르트 - 30시간 짜내어 만든 정통 방식의 수제 그릭 요거트 500g 외 그릭 요거트 500gx2통, ","## 다음 구매 상품 예측
기타 구워먹는 치즈 - [더블딜] 원유로 갓짠 찢어먹는 대용량 치즈 1팩+1팩 (총2팩 발송) 원유로 갓짠 대용량치즈 1팩(300g)",0
74,"## 주문 히스토리
2023-06-30 07:18:53의 주문 내역 [동시구매]: 고급롤화장지(3겹이상) - [골라담기] 100% 천연펄프 화장지 6롤, 베이킹소다 - [골라담기] 베이킹소다 1kg, 과일 채소 다용도 다목적 세척 청소, 일반주방세제 - 순수크린 주방세제 4L x 2개 (+리필용기 1개 증정) 1개, 시트 섬유유연제 - 건조기 드라이시트 40매 x 1개 40매 x 1개, 헤어토닉/스칼프 - [골라담기] 탈모기능성 두피토닉 140ml, 데이크림 - [골라담기] 블레미쉬 진정 수딩크림 100ml, 유아물티슈 - [베베앙] 라이트 아기물티슈 캡형 100매 20팩, 시트 마스크/팩 - [골라담기] 고보습 리얼 크림 페이셜 마스크 5매, 바디크림 - [골라담기] 유수분 밸런싱 레미디 크림 50g, 
2023-06-15 04:13:23의 주문 내역 [동시구매]: 물만두 - [골라담기] 한 입에 쏘옥! 국산 돼지고기를 가득 채운 탱글탱글 물만두 504g 3인분, 일반샴푸 - [골라담기] 판테놀 두피 저자극 샴푸 1L, 에센스/세럼 - [골라담기] 잡티개선 고농축 비타민 세럼 20ml (1인 3개 구매제한), 선블록/선크림/선로션 - [골라담기] 끈적임 없는 수분진정 선크림 50ml, ","## 다음 구매 상품 예측
에센스/세럼 - 잡티개선 고농축 비타민 세럼 x 3개 20ml X 3개",1
75,"## 주문 히스토리
2023-06-30 07:18:53의 주문 내역 [동시구매]: 고급롤화장지(3겹이상) - [골라담기] 100% 천연펄프 화장지 6롤, 베이킹소다 - [골라담기] 베이킹소다 1kg, 과일 채소 다용도 다목적 세척 청소, 일반주방세제 - 순수크린 주방세제 4L x 2개 (+리필용기 1개 증정) 1개, 시트 섬유유연제 - 건조기 드라이시트 40매 x 1개 40매 x 1개, 헤어토닉/스칼프 - [골라담기] 탈모기능성 두피토닉 140ml, 데이크림 - [골라담기] 블레미쉬 진정 수딩크림 100ml, 유아물티슈 - [베베앙] 라이트 아기물티슈 캡형 100매 20팩, 시트 마스크/팩 - [골라담기] 고보습 리얼 크림 페이셜 마스크 5매, 바디크림 - [골라담기] 유수분 밸런싱 레미디 크림 50g, 
2023-06-15 04:13:23의 주문 내역 [동시구매]: 물만두 - [골라담기] 한 입에 쏘옥! 국산 돼지고기를 가득 채운 탱글탱글 물만두 504g 3인분, 일반샴푸 - [골라담기] 판테놀 두피 저자극 샴푸 1L, 에센스/세럼 - [골라담기] 잡티개선 고농축 비타민 세럼 20ml (1인 3개 구매제한), 선블록/선크림/선로션 - [골라담기] 끈적임 없는 수분진정 선크림 50ml, ","## 다음 구매 상품 예측
자두 - [99특가] 2023 첫출하! 자두의 고장 의성 옥자두(대석) 1kg 2023 의성 옥자두(대석) 1kg 중과(16-20과)",0
76,"## 주문 히스토리
2023-06-12 07:04:01의 주문 내역: 핸드워시 - [더블딜] 소프트 버블 핸드워시 500ml 1+1, ","## 다음 구매 상품 예측
구강청결제 - [골라담기] 입안 가득 상쾌함을 찾아주는 데일리 가글 쿨민트 800ml",1
77,"## 주문 히스토리
2023-06-12 07:04:01의 주문 내역: 핸드워시 - [더블딜] 소프트 버블 핸드워시 500ml 1+1, ","## 다음 구매 상품 예측
먼지제거브러쉬 - 방충망 먼지제거 롱브러쉬 (색상랜덤)",0
78,"## 주문 히스토리
2023-06-14 07:22:09의 주문 내역 [동시구매]: 클렌징 젤 - [배송비만내세요] 펀딩 351% 달성! 리얼 한라봉 주스 클렌징 젤 200ml, 핸드크림 - [배송비만내세요] 끈적임 없이 산뜻한 모이스처 핸드크림 50ml, 핸드워시 - [배송비만내세요] 소프트 버블 핸드워시 500ml, 스팟패치 - [배송비만내세요] 스팟패치 사이즈 혼합형 39매, 
2023-05-25 05:47:39의 주문 내역 [동시구매]: 양념닭발 - [골라담기특가] 전자레인지에 돌려 먹는 간편한 숯불직화무뼈닭발 250g 2인분 숯불직화무뼈닭발 250g, 등심덧살 - [골라담기] 먹기 좋게 소포장한 신선한 국산 뒷고기 250g 1인분 국산 신선한 뒷고기 250g, 군만두 - [골라담기] 국산 배추로 만든 김치가 속을 꽉 채운 김치왕교자 700g(4인분) 700g (4인분), 닭갈비 - [골라담기] 푸짐한 고기함량! 100% 국내산 오리지날 춘천식 닭갈비 1kg  캐처스 닭갈비 1KG, 사각어묵 - [골라담기] 진또배기 어묵국물을 위해 어육을 75%나 넣은 사각어묵 300g  쫄깃한 사각어묵 300g (2인분), 튀김 - [골라담기] 담백하고 바삭한 소용량 포장 김말이 400g 김말이 400g, ","## 다음 구매 상품 예측
일반꿀 - [99특가/우편발송] (1인 1개 제한)국내산 100% 사향벌꿀 꿀 스틱 12g*5개 ",1
79,"## 주문 히스토리
2023-06-14 07:22:09의 주문 내역 [동시구매]: 클렌징 젤 - [배송비만내세요] 펀딩 351% 달성! 리얼 한라봉 주스 클렌징 젤 200ml, 핸드크림 - [배송비만내세요] 끈적임 없이 산뜻한 모이스처 핸드크림 50ml, 핸드워시 - [배송비만내세요] 소프트 버블 핸드워시 500ml, 스팟패치 - [배송비만내세요] 스팟패치 사이즈 혼합형 39매, 
2023-05-25 05:47:39의 주문 내역 [동시구매]: 양념닭발 - [골라담기특가] 전자레인지에 돌려 먹는 간편한 숯불직화무뼈닭발 250g 2인분 숯불직화무뼈닭발 250g, 등심덧살 - [골라담기] 먹기 좋게 소포장한 신선한 국산 뒷고기 250g 1인분 국산 신선한 뒷고기 250g, 군만두 - [골라담기] 국산 배추로 만든 김치가 속을 꽉 채운 김치왕교자 700g(4인분) 700g (4인분), 닭갈비 - [골라담기] 푸짐한 고기함량! 100% 국내산 오리지날 춘천식 닭갈비 1kg  캐처스 닭갈비 1KG, 사각어묵 - [골라담기] 진또배기 어묵국물을 위해 어육을 75%나 넣은 사각어묵 300g  쫄깃한 사각어묵 300g (2인분), 튀김 - [골라담기] 담백하고 바삭한 소용량 포장 김말이 400g 김말이 400g, ","## 다음 구매 상품 예측
클렌징 폼 - [배송비만내세요] 마이크로 버블 클렌징폼 170ml",0
80,"## 주문 히스토리
2023-07-17 06:47:14의 주문 내역 [동시구매]: 스킨/토너 패드 - [뷰티페스타] 바하 필링 토너패드 70매 (1인 3개 구매제한), 네일팁/인조손톱 - [뷰티페스타] 젤리핏 트랜디 컬러 네일팁 23종 샌드브라운, 필오프 마스크/팩 - [뷰티페스타] 각질&피지 올인원 허니골드 필오프팩 150g 1+1 한정특가, 
2023-05-11 23:48:41의 주문 내역 [동시구매]: 데이크림 - [뷰티특가]블레미쉬 진정 수딩크림 100ml, 네일팁/인조손톱 - [뷰티특가] 젤리핏 트랜디 컬러 네일팁 23종 핑크누디, 알로에/수딩/애프터선 - 순도 99% 알로에베라 수딩젤 400ml, ","## 다음 구매 상품 예측
바디크림 - [뷰티페스타/2인팀구매/선착순] 대용량 바디 미백 톤업 크림 300ml",1
81,"## 주문 히스토리
2023-07-17 06:47:14의 주문 내역 [동시구매]: 스킨/토너 패드 - [뷰티페스타] 바하 필링 토너패드 70매 (1인 3개 구매제한), 네일팁/인조손톱 - [뷰티페스타] 젤리핏 트랜디 컬러 네일팁 23종 샌드브라운, 필오프 마스크/팩 - [뷰티페스타] 각질&피지 올인원 허니골드 필오프팩 150g 1+1 한정특가, 
2023-05-11 23:48:41의 주문 내역 [동시구매]: 데이크림 - [뷰티특가]블레미쉬 진정 수딩크림 100ml, 네일팁/인조손톱 - [뷰티특가] 젤리핏 트랜디 컬러 네일팁 23종 핑크누디, 알로에/수딩/애프터선 - 순도 99% 알로에베라 수딩젤 400ml, ","## 다음 구매 상품 예측
작두콩차 - 진하다 못해 너무 고소한 100% 국산 작두콩으로 만든 작두콩차 100g 100회분",0
82,"## 주문 히스토리
2023-07-09 02:04:09의 주문 내역: 등심덧살 - [더블딜] 신선한 한돈 냉장 뒷고기 300g+300g (총 2팩, 600g) [4+1 이벤트!] 한돈 냉장 뒷고기 300g 4팩+1팩 추가증정 (총 1.5kg), 
2023-07-07 03:42:25의 주문 내역: 간편닭가슴살 - [더블딜] 100% 국내산 네이처그램 치큐 닭가슴살 오리지널 100g 5팩+5팩 외 치큐 닭가슴살 훈제 100g × 10팩, 
2023-07-05 02:52:28의 주문 내역 [동시구매]: 복숭아 - 새콤달콤 과즙가득! 말랑이 백도 1.5kg, 3kg, 4kg 말랑이백도 3kg / 대과 / 10-13과 내외, 즉석탕/찌개 - [더블딜] 초복준비! 정다운 닭다리 삼계탕(600g) 1+1봉 외 정다운 닭다리삼계탕 600g 3봉, 즉석탕/찌개 - [더블딜] 초복준비! 정다운 닭다리 삼계탕(600g) 1+1봉 외 정다운 나홀로삼계탕 750g 3봉, 
2023-07-03 23:44:47의 주문 내역: 구운계란/훈제란 - [더블딜] 탱글탱글 해썹 구운계란 30구+30구 외 [더블딜] 1판+1판 (60구), ","## 다음 구매 상품 예측
헤어오일 - [더블딜] 고농축 알러지프리 아르간 헤어에센스 100ml 1+1",1
83,"## 주문 히스토리
2023-07-09 02:04:09의 주문 내역: 등심덧살 - [더블딜] 신선한 한돈 냉장 뒷고기 300g+300g (총 2팩, 600g) [4+1 이벤트!] 한돈 냉장 뒷고기 300g 4팩+1팩 추가증정 (총 1.5kg), 
2023-07-07 03:42:25의 주문 내역: 간편닭가슴살 - [더블딜] 100% 국내산 네이처그램 치큐 닭가슴살 오리지널 100g 5팩+5팩 외 치큐 닭가슴살 훈제 100g × 10팩, 
2023-07-05 02:52:28의 주문 내역 [동시구매]: 복숭아 - 새콤달콤 과즙가득! 말랑이 백도 1.5kg, 3kg, 4kg 말랑이백도 3kg / 대과 / 10-13과 내외, 즉석탕/찌개 - [더블딜] 초복준비! 정다운 닭다리 삼계탕(600g) 1+1봉 외 정다운 닭다리삼계탕 600g 3봉, 즉석탕/찌개 - [더블딜] 초복준비! 정다운 닭다리 삼계탕(600g) 1+1봉 외 정다운 나홀로삼계탕 750g 3봉, 
2023-07-03 23:44:47의 주문 내역: 구운계란/훈제란 - [더블딜] 탱글탱글 해썹 구운계란 30구+30구 외 [더블딜] 1판+1판 (60구), ","## 다음 구매 상품 예측
물만두 - [더블딜/임박상품/2인팀구매/선착순] 탱글탱글한 물만두(504g/3인분) 1+1",0
84,"## 주문 히스토리
2023-06-24 13:40:15의 주문 내역: 블루베리 - [더블딜] 슈퍼푸드! 국내산100% 生 블루베리 1+1팩/2+2팩/3+3팩 (팩당 100g) [더블딜] 3팩+3팩600g (100g x 6팩), 
2023-06-20 14:56:08의 주문 내역 [동시구매]: 찌개/탕 밀키트 - [더블딜]정성으로 우려낸 외할머니 갈비탕 600g 1팩+1팩 외 (추천)외할머니 밥상 갈비탕 600g 2팩+2팩+돌돌이당면(개당가격 4125원), 찌개/탕 밀키트 - [더블딜]정성으로 우려낸 외할머니 갈비탕 600g 1팩+1팩 외 (추천)도가니탕 500g 2팩+2팩(개당가격 4375원), 찌개/탕 밀키트 - [더블딜]정성으로 우려낸 외할머니 갈비탕 600g 1팩+1팩 외 양평해장국 600g 1팩+1팩, 
2023-05-29 07:10:52의 주문 내역: 떠먹는 요구르트 - 30시간 짜내어 만든 정통 방식의 수제 그릭 요거트 500g 외 그릭 요거트 500gx2통, 
2023-05-23 12:13:50의 주문 내역 [동시구매]: 도시락김 - 입안에 풍미가 가득한 두번 구워서 바삭한 도시락김 4g*16봉 x 2개 도시락김 4g(8매)*16봉 x 4개, 소불고기 - 40년 전통 맛집 서울식 소불고기 500g 1kg 서울식 소불고기1kg, ","## 다음 구매 상품 예측
즉석죽 - 정성가득 내장듬뿍전복죽 400g 1인분",1
85,"## 주문 히스토리
2023-06-24 13:40:15의 주문 내역: 블루베리 - [더블딜] 슈퍼푸드! 국내산100% 生 블루베리 1+1팩/2+2팩/3+3팩 (팩당 100g) [더블딜] 3팩+3팩600g (100g x 6팩), 
2023-06-20 14:56:08의 주문 내역 [동시구매]: 찌개/탕 밀키트 - [더블딜]정성으로 우려낸 외할머니 갈비탕 600g 1팩+1팩 외 (추천)외할머니 밥상 갈비탕 600g 2팩+2팩+돌돌이당면(개당가격 4125원), 찌개/탕 밀키트 - [더블딜]정성으로 우려낸 외할머니 갈비탕 600g 1팩+1팩 외 (추천)도가니탕 500g 2팩+2팩(개당가격 4375원), 찌개/탕 밀키트 - [더블딜]정성으로 우려낸 외할머니 갈비탕 600g 1팩+1팩 외 양평해장국 600g 1팩+1팩, 
2023-05-29 07:10:52의 주문 내역: 떠먹는 요구르트 - 30시간 짜내어 만든 정통 방식의 수제 그릭 요거트 500g 외 그릭 요거트 500gx2통, 
2023-05-23 12:13:50의 주문 내역 [동시구매]: 도시락김 - 입안에 풍미가 가득한 두번 구워서 바삭한 도시락김 4g*16봉 x 2개 도시락김 4g(8매)*16봉 x 4개, 소불고기 - 40년 전통 맛집 서울식 소불고기 500g 1kg 서울식 소불고기1kg, ","## 다음 구매 상품 예측
삼겹살 - [더블딜] 칼집 삼겹살 500g+500g (총1kg 한번에 배송)",0
86,"## 주문 히스토리
2023-06-14 02:14:21의 주문 내역 [동시구매]: 기타건어물 - [더블딜]허니버터 꽃순이오징어 40g+40g [더블딜]허니버터 꽃순이오징어 40g+40g, 기타건어물 - [더블딜]허니버터 꽃순이오징어 40g+40g 맥반석 오징어채 40g+40g, ","## 다음 구매 상품 예측
국물떡볶이 - [더블딜] 구로맛집! 15년 전통 다미랑 떡볶이(밀떡+어묵+소스) 170g+170g (총 1팩 / 푸짐한 1인분/떡&맵기 선택) 외 [더블딜] 다미랑 떡볶이(밀떡+어묵+소스/덜 매운맛/총 1팩) 170g+170g",1
87,"## 주문 히스토리
2023-06-14 02:14:21의 주문 내역 [동시구매]: 기타건어물 - [더블딜]허니버터 꽃순이오징어 40g+40g [더블딜]허니버터 꽃순이오징어 40g+40g, 기타건어물 - [더블딜]허니버터 꽃순이오징어 40g+40g 맥반석 오징어채 40g+40g, ","## 다음 구매 상품 예측
사각어묵 - [골라담기특가] 진또배기 어묵국물을 위해 어육을 75%나 넣은 사각어묵 300g 3인분",0
88,"## 주문 히스토리
2023-06-07 00:57:42의 주문 내역: 0원추첨팀구매 - [3인팀추첨] 신세계 백화점 상품권 10만원 (6월 12일 마감), 
2023-06-07 00:26:03의 주문 내역: 0원추첨팀구매 - [3인팀추첨] 신세계 백화점 상품권 10만원 (6월 12일 마감), ","## 다음 구매 상품 예측
0원추첨팀구매 - [3인팀추첨] 신세계 백화점 상품권 10만원 (6월 12일 마감)",1
89,"## 주문 히스토리
2023-06-07 00:57:42의 주문 내역: 0원추첨팀구매 - [3인팀추첨] 신세계 백화점 상품권 10만원 (6월 12일 마감), 
2023-06-07 00:26:03의 주문 내역: 0원추첨팀구매 - [3인팀추첨] 신세계 백화점 상품권 10만원 (6월 12일 마감), ","## 다음 구매 상품 예측
곱창/대창/막창 - 곱이 꽉 차 담백하고 고소한 소곱창 180g+180g 외 한정수량! 소곱창 180g+180g (소스포함)",0
90,"## 주문 히스토리
2023-07-04 14:26:56의 주문 내역 [동시구매]: 물만두 - [골라담기] 한 입에 쏘옥! 국산 돼지고기를 가득 채운 탱글탱글 물만두 504g 3인분, 닭갈비 - [골라담기] 푸짐한 고기함량! 100% 국내산 오리지날 춘천식 닭갈비 1kg  캐처스 닭갈비 1KG, 소불고기 - [골라담기] 야들야들 풍미 가득 우삼겹으로 만든 우삼겹 소불고기 1kg 4인분 우삼겹 소불고기 (1kg/4인분), ","## 다음 구매 상품 예측
기타닭고기가공육 - 겉바속촉 미친가성비 에어프라이어용 치킨(국산7호닭) 650g 외 치킨(다리/국내산/800g) 1팩",1
91,"## 주문 히스토리
2023-07-04 14:26:56의 주문 내역 [동시구매]: 물만두 - [골라담기] 한 입에 쏘옥! 국산 돼지고기를 가득 채운 탱글탱글 물만두 504g 3인분, 닭갈비 - [골라담기] 푸짐한 고기함량! 100% 국내산 오리지날 춘천식 닭갈비 1kg  캐처스 닭갈비 1KG, 소불고기 - [골라담기] 야들야들 풍미 가득 우삼겹으로 만든 우삼겹 소불고기 1kg 4인분 우삼겹 소불고기 (1kg/4인분), ","## 다음 구매 상품 예측
꼬막 - 잘~손질된 바로 먹는 자숙 벌교꼬막 알꼬막 100g x 2팩 외 외할머니 벌교꼬막 알꼬막 100g x 4팩",0
92,"## 주문 히스토리
2023-06-07 00:05:09의 주문 내역: 0원추첨팀구매 - [3인팀추첨] 신세계 백화점 상품권 10만원 (6월 12일 마감), 
2023-06-06 06:05:30의 주문 내역: 0원추첨팀구매 - [3인팀추첨] 신세계 백화점 상품권 10만원 (6월 12일 마감), 
2023-06-03 06:49:34의 주문 내역 [동시구매]: 냉장냉동 찌개/탕 - [골라담기] 우리가 알던 그맛! 국내산 햄이 들어간 부대찌개 1kg 사리듬뿍 부대찌개 1kgx2 (2kg), 삼겹살 - [골라담기] 두툼하고 풍미가 일품인 구이용 삼겹살 500g 지글지글 맛있는 구이용 삼겹살 500gx2, 군만두 - [골라담기] 쫄깃한 만두피와 국산 돼지고기를 사용한 고기왕교자 700g  속이 꽉찬 고기왕교자 700g, 군만두 - [골라담기] 국산 배추로 만든 김치가 속을 꽉 채운 김치왕교자 700g(4인분) 700g (4인분), 닭갈비 - [골라담기] 푸짐한 고기함량! 100% 국내산 오리지날 춘천식 닭갈비 1kg  캐처스 닭갈비 1KG, 군만두 - [골라담기] 겉바속촉 국산 돼지고기를 가득 채운 군만두 504g 3인분 군만두 504gx2, 즉석국 - [더블딜] 뼈해장국 900g+900g+900g+900g (2+2 총 4팩) 외 뼈해장국 900g+900g+900g+900g (2+2 총 4팩), ","## 다음 구매 상품 예측
건오징어 - [더블딜] 손바닥 크기 마른 오징어 몸통 2미+2미 (총 4미/140g 내외 한번에 발송/중국산)",1
93,"## 주문 히스토리
2023-06-07 00:05:09의 주문 내역: 0원추첨팀구매 - [3인팀추첨] 신세계 백화점 상품권 10만원 (6월 12일 마감), 
2023-06-06 06:05:30의 주문 내역: 0원추첨팀구매 - [3인팀추첨] 신세계 백화점 상품권 10만원 (6월 12일 마감), 
2023-06-03 06:49:34의 주문 내역 [동시구매]: 냉장냉동 찌개/탕 - [골라담기] 우리가 알던 그맛! 국내산 햄이 들어간 부대찌개 1kg 사리듬뿍 부대찌개 1kgx2 (2kg), 삼겹살 - [골라담기] 두툼하고 풍미가 일품인 구이용 삼겹살 500g 지글지글 맛있는 구이용 삼겹살 500gx2, 군만두 - [골라담기] 쫄깃한 만두피와 국산 돼지고기를 사용한 고기왕교자 700g  속이 꽉찬 고기왕교자 700g, 군만두 - [골라담기] 국산 배추로 만든 김치가 속을 꽉 채운 김치왕교자 700g(4인분) 700g (4인분), 닭갈비 - [골라담기] 푸짐한 고기함량! 100% 국내산 오리지날 춘천식 닭갈비 1kg  캐처스 닭갈비 1KG, 군만두 - [골라담기] 겉바속촉 국산 돼지고기를 가득 채운 군만두 504g 3인분 군만두 504gx2, 즉석국 - [더블딜] 뼈해장국 900g+900g+900g+900g (2+2 총 4팩) 외 뼈해장국 900g+900g+900g+900g (2+2 총 4팩), ","## 다음 구매 상품 예측
장아찌 - [99특가] 오독오독 전통 방식으로 담은 궁채장아찌 1kg 30회분 2개(2kg)",0
94,"## 주문 히스토리
2023-06-10 02:03:02의 주문 내역: 욕실화 - [더블딜] 항균 욕실화 1+1 남성(그레이),여성(핑크), ","## 다음 구매 상품 예측
후라이드 치킨/너겟 - 맘스터치 순살치킨, 가라아게, 치즈스틱, 치즈볼 등 베스트 11종 모음전 맘스터치 시그니처 순살치킨 1kg",1
95,"## 주문 히스토리
2023-06-10 02:03:02의 주문 내역: 욕실화 - [더블딜] 항균 욕실화 1+1 남성(그레이),여성(핑크), ","## 다음 구매 상품 예측
후라이드 치킨/너겟 - [브랜드데이] 통통살 가라아게 300g x 2개",0
96,"## 주문 히스토리
2023-05-27 02:33:13의 주문 내역: 간장게장 - [더블딜] 삼점 암 꽃게장 1kg+1kg (총 2키로 한통), 
2023-05-18 02:08:07의 주문 내역: 냉장 콩국수 - [더블딜]우정본가 진한 콩국수 3인분+3인분 외 메밀소바/비빔국수/짜장면 콩국수 6인분(생사리6인분+콩가루6봉), 
2023-05-07 14:39:47의 주문 내역 [동시구매]: 롤키친타올 - 천연펄프 키친타올 120매 4롤, 라텍스장갑/니트릴장갑 - 니트릴장갑 100매 (S/M/L) 식품용등급, 파우더free S, 시트 마스크/팩 - 하이드라 수딩 마스크 30매, 덴탈마스크[식약처인증] - 일회용 덴탈마스크 50매 (개당 32원), 고급롤화장지(3겹이상) - 100% 천연펄프 화장지 6롤, ","## 다음 구매 상품 예측
비빔냉면 - [더블딜]우정본가 메밀향 가득 비빔막국수 3인분+3인분 외 콩국수/메밀소바/짜장면 메밀소바 6인분 세트(메밀면6인분+메밀소스6봉)",1
97,"## 주문 히스토리
2023-05-27 02:33:13의 주문 내역: 간장게장 - [더블딜] 삼점 암 꽃게장 1kg+1kg (총 2키로 한통), 
2023-05-18 02:08:07의 주문 내역: 냉장 콩국수 - [더블딜]우정본가 진한 콩국수 3인분+3인분 외 메밀소바/비빔국수/짜장면 콩국수 6인분(생사리6인분+콩가루6봉), 
2023-05-07 14:39:47의 주문 내역 [동시구매]: 롤키친타올 - 천연펄프 키친타올 120매 4롤, 라텍스장갑/니트릴장갑 - 니트릴장갑 100매 (S/M/L) 식품용등급, 파우더free S, 시트 마스크/팩 - 하이드라 수딩 마스크 30매, 덴탈마스크[식약처인증] - 일회용 덴탈마스크 50매 (개당 32원), 고급롤화장지(3겹이상) - 100% 천연펄프 화장지 6롤, ","## 다음 구매 상품 예측
핸드크림 - [골라담기] 퓨어 모이스처 핸드크림 50ml (1인 3개 구매제한) ",0
98,"## 주문 히스토리
2023-05-16 13:15:51의 주문 내역: 꿀고구마 - 황금빛깔의 해남 완소 꿀고구마 2~3kg 13회분(비세척) 특상품,3kg, 
2023-04-30 11:09:11의 주문 내역: 호박 - [오늘의특가] 삶으면 호박이 면처럼! 저칼로리 맛있는 전남 무안 국수호박 1kg (2인분) 국수호박 2kg, ","## 다음 구매 상품 예측
곱창/막창/대창 - [더블딜] 48시간 연육 숙성 양념생돼지막창 250g+250g (총 500g 한 팩에 발송) [더블딜] 양념생돼지막창 250g+250g(총 1팩 발송)+소스 100g",1
99,"## 주문 히스토리
2023-05-16 13:15:51의 주문 내역: 꿀고구마 - 황금빛깔의 해남 완소 꿀고구마 2~3kg 13회분(비세척) 특상품,3kg, 
2023-04-30 11:09:11의 주문 내역: 호박 - [오늘의특가] 삶으면 호박이 면처럼! 저칼로리 맛있는 전남 무안 국수호박 1kg (2인분) 국수호박 2kg, ","## 다음 구매 상품 예측
고무장갑 - 반투명 고무장갑 (L사이즈)",0
